Hour,Active_Users,CPU_Usage (%),Memory_Usage (%),Datetime,Weekday,DayOfMonth,WeekOfMonth,Is_Business_Hours,Has_Event,Event_Payroll,Event_Tax,Event_EoM,Event_Risk_Score,Event_Day_Proximity_Hours,Active_Users_Lag1,Active_Users_Trend1,Active_Users_MA3,Active_Users_MA6,Active_Users_PctChange1,CPU_Usage (%)_Lag1,CPU_Usage (%)_Trend1,CPU_Usage (%)_MA3,CPU_Usage (%)_MA6,CPU_Usage (%)_PctChange1,Memory_Usage (%)_Lag1,Memory_Usage (%)_Trend1,Memory_Usage (%)_MA3,Memory_Usage (%)_MA6,Memory_Usage (%)_PctChange1,Saturation_Max,Saturation_HMean,Queue_Pressure,Scaling_Action,Scaling_Next_1h
0.0,89,38.66,23.41,2025-06-13 00:00:00,4.0,13.0,2.0,0,0,0,0,0,0.0,58.0,66.0,23.0,75.0,81.16666666666667,0.3484848484848484,18.88,19.779999999999998,28.739999999999995,30.590000000000003,1.0,22.39,1.0199999999999996,25.803333333333324,25.68166666666666,0.045556051808843145,38.66,29.161610646663274,1,0,0
1.0,79,38.39,22.01,2025-06-13 01:00:00,4.0,13.0,2.0,0,0,0,0,0,0.0,57.0,89.0,-10.0,78.0,79.33333333333333,-0.1123595505617978,38.66,-0.269999999999996,31.97666666666666,31.84166666666667,-0.006983962752198591,23.41,-1.3999999999999986,22.603333333333325,27.41,-0.05980350277659119,38.39,27.978936655977872,0,0,0
2.0,61,20.8,19.82,2025-06-13 02:00:00,4.0,13.0,2.0,0,0,0,0,0,0.0,56.0,79.0,-18.0,76.33333333333333,77.33333333333333,-0.22784810126582278,38.39,-17.59,32.61666666666667,29.956666666666667,-0.4581922375618651,22.01,-2.1900000000000013,21.74666666666666,24.71666666666667,-0.09950022716946849,20.8,20.29817778684939,0,0,0
3.0,83,40.8,37.72,2025-06-13 03:00:00,4.0,13.0,2.0,0,0,0,0,0,0.0,55.0,61.0,22.0,74.33333333333333,74.66666666666667,0.360655737704918,20.8,19.999999999999996,33.33,31.035,0.9615384615384612,19.82,17.9,26.516666666666662,26.159999999999997,0.9031281533804236,40.8,39.19959198676017,1,0,0
4.0,82,9.37,26.0,2025-06-13 04:00:00,4.0,13.0,2.0,0,0,0,0,0,0.0,54.0,83.0,-1.0,75.33333333333333,76.66666666666667,-0.012048192771084376,40.8,-31.43,23.656666666666666,27.816666666666666,-0.770343137254902,37.72,-11.719999999999999,27.84666666666666,25.224999999999998,-0.31071049840933185,26.0,13.775515641065434,0,0,0
5.0,82,16.88,20.9,2025-06-13 05:00:00,4.0,13.0,2.0,0,0,0,0,0,0.0,53.0,82.0,0.0,82.33333333333333,79.33333333333333,0.0,9.37,7.51,22.349999999999998,27.483333333333334,0.8014941302027749,26.0,-5.100000000000001,28.20666666666666,24.97666666666667,-0.19615384615384623,20.9,18.67612449242656,0,0,0
6.0,89,34.26,49.18,2025-06-13 06:00:00,4.0,13.0,2.0,0,0,0,0,0,0.0,52.0,82.0,7.0,84.33333333333333,79.33333333333333,0.08536585365853666,16.88,17.38,20.169999999999998,26.75,1.0,20.9,28.28,32.026666666666664,29.271666666666665,1.0,49.18,40.38606857159554,1,0,0
7.0,73,40.45,28.25,2025-06-13 07:00:00,4.0,13.0,2.0,0,0,0,0,0,0.0,51.0,89.0,-16.0,81.33333333333333,78.33333333333333,-0.1797752808988764,34.26,6.190000000000005,30.53,27.093333333333334,0.18067717454757748,49.18,-20.93,32.776666666666664,30.311666666666667,-0.4255795038633591,40.45,33.26673899175053,0,0,0
8.0,67,28.43,21.68,2025-06-13 08:00:00,4.0,13.0,2.0,0,0,0,0,0,0.0,50.0,73.0,-6.0,76.33333333333333,79.33333333333333,-0.0821917808219178,40.45,-12.020000000000003,34.38,28.365,-0.29715698393077883,28.25,-6.57,33.03666666666666,30.621666666666666,-0.23256637168141592,28.43,24.600374723600584,0,0,0
9.0,66,26.68,22.82,2025-06-13 09:00:00,4.0,13.0,2.0,1,0,0,0,0,0.0,49.0,67.0,-1.0,68.66666666666667,76.5,-0.014925373134328401,28.43,-1.75,31.853333333333335,26.011666666666667,-0.061554695743932464,21.68,1.1400000000000006,24.249999999999996,28.138333333333332,0.05258302583025842,26.68,24.599498533343464,0,0,0
10.0,67,32.04,24.32,2025-06-13 10:00:00,4.0,13.0,2.0,1,0,0,0,0,0.0,48.0,66.0,1.0,66.66666666666667,74.0,0.015151515151515138,26.68,5.359999999999999,29.05,29.790000000000003,0.2008995502248876,22.82,1.5,22.939999999999998,27.85833333333333,0.06573181419807184,32.04,27.65126994940969,1,0,0
11.0,99,42.65,37.06,2025-06-13 11:00:00,4.0,13.0,2.0,1,0,0,0,0,0.0,49.0,67.0,32.0,77.33333333333333,76.83333333333333,0.4776119402985075,32.04,10.61,33.79,34.085,0.3311485642946317,24.32,12.740000000000002,28.066666666666663,30.551666666666666,0.5238486842105263,42.65,39.65898836207517,1,0,0
12.0,73,12.86,21.03,2025-06-13 12:00:00,4.0,13.0,2.0,1,0,0,0,0,0.0,48.0,99.0,-26.0,79.66666666666667,74.16666666666667,-0.26262626262626265,42.65,-29.79,29.183333333333326,30.518333333333334,-0.6984759671746776,37.06,-16.03,27.47,25.86,-0.43254182406907715,21.03,15.960212040123578,0,0,0
13.0,84,18.49,29.72,2025-06-13 13:00:00,4.0,13.0,2.0,1,0,0,0,0,0.0,49.0,73.0,11.0,85.33333333333333,76.0,0.15068493150684925,12.86,5.629999999999999,24.666666666666668,26.85833333333333,0.437791601866252,21.03,8.689999999999998,29.269999999999996,26.105,0.4132192106514503,29.72,22.797045824579016,1,0,0
14.0,59,34.52,6.6,2025-06-13 14:00:00,4.0,13.0,2.0,1,0,0,0,0,0.0,48.0,84.0,-25.0,72.0,74.66666666666667,-0.29761904761904767,18.49,16.030000000000005,21.956666666666667,27.87333333333333,0.8669551108707412,29.72,-23.119999999999997,19.116666666666664,23.591666666666665,-0.7779273216689098,34.52,11.081322736349156,0,0,0
15.0,67,37.15,17.5,2025-06-13 15:00:00,4.0,13.0,2.0,1,0,0,0,0,0.0,49.0,59.0,8.0,70.0,74.83333333333333,0.13559322033898313,34.52,2.6299999999999955,30.05333333333333,29.618333333333336,0.07618771726535334,6.6,10.9,17.939999999999994,22.705000000000002,1.0,37.15,23.79231433133917,0,0,0
16.0,88,24.5,21.93,2025-06-13 16:00:00,4.0,13.0,2.0,1,0,0,0,0,0.0,48.0,67.0,21.0,71.33333333333333,78.33333333333333,0.31343283582089554,37.15,-12.649999999999999,32.056666666666665,28.361666666666668,-0.34051144010767154,17.5,4.43,15.343333333333328,22.30666666666667,0.2531428571428571,24.5,23.143872040838424,0,0,0
17.0,84,34.69,23.21,2025-06-13 17:00:00,4.0,13.0,2.0,1,0,0,0,0,0.0,49.0,88.0,-4.0,79.66666666666667,75.83333333333333,-0.045454545454545414,24.5,10.189999999999998,32.11333333333333,27.035,0.41591836734693866,21.93,1.2800000000000011,20.879999999999995,19.998333333333335,0.05836753305973552,34.69,27.811913198412554,0,0,0
18.0,86,22.25,32.79,2025-06-13 18:00:00,4.0,13.0,2.0,1,0,0,0,0,0.0,48.0,84.0,2.0,86.0,78.0,0.023809523809523725,34.69,-12.439999999999998,27.146666666666665,28.599999999999998,-0.3586047852407034,23.21,9.579999999999998,25.97666666666666,21.958333333333332,0.4127531236535975,32.79,26.510809874440227,0,0,0
19.0,73,25.59,15.75,2025-06-13 19:00:00,4.0,13.0,2.0,1,0,0,0,0,0.0,48.0,86.0,-13.0,81.0,76.16666666666667,-0.15116279069767447,22.25,3.34,27.509999999999994,29.783333333333335,0.1501123595505618,32.79,-17.04,23.91666666666666,19.63,-0.5196706312900274,25.59,19.49891104260012,0,0,0
20.0,104,39.83,45.59,2025-06-13 20:00:00,4.0,13.0,2.0,0,0,0,0,0,0.0,49.0,73.0,31.0,87.66666666666667,83.66666666666667,0.42465753424657526,25.59,14.239999999999998,29.22333333333333,30.668333333333333,0.5564673700664322,15.75,29.840000000000003,31.376666666666665,26.128333333333334,1.0,45.59,42.51579676286822,1,0,0
21.0,85,34.32,31.07,2025-06-13 21:00:00,4.0,13.0,2.0,0,0,0,0,0,0.0,50.0,104.0,-19.0,87.33333333333333,86.66666666666667,-0.1826923076923077,39.83,-5.509999999999998,33.24666666666666,30.196666666666662,-0.13833793622897306,45.59,-14.520000000000003,30.80333333333333,28.39,-0.31849089712656287,34.32,32.61423412426619,0,0,0
22.0,80,22.02,27.9,2025-06-13 22:00:00,4.0,13.0,2.0,0,0,0,0,0,0.0,51.0,85.0,-5.0,89.66666666666667,85.33333333333333,-0.05882352941176472,34.32,-12.3,32.056666666666665,29.78333333333333,-0.35839160839160844,31.07,-3.1700000000000017,34.85333333333333,29.385,-0.10202767943353719,27.9,24.613701470078095,0,0,0
23.0,82,35.55,22.22,2025-06-13 23:00:00,4.0,13.0,2.0,0,0,0,0,0,0.0,52.0,80.0,2.0,82.33333333333333,85.0,0.02499999999999991,22.02,13.529999999999998,30.629999999999995,29.926666666666666,0.6144414168937329,27.9,-5.68,27.06333333333333,29.220000000000002,-0.203584229390681,35.55,27.34710013247187,0,0,0
0.0,65,24.62,16.05,2025-06-14 00:00:00,5.0,14.0,2.0,0,0,0,0,0,0.0,34.0,82.0,-17.0,75.66666666666667,81.5,-0.20731707317073167,35.55,-10.929999999999996,27.39666666666666,30.321666666666662,-0.30745428973277067,22.22,-6.169999999999998,22.05666666666666,26.429999999999996,-0.27767776777677766,24.62,19.43206251703805,0,0,0
1.0,80,26.03,32.48,2025-06-14 01:00:00,5.0,14.0,2.0,0,0,0,0,0,0.0,33.0,65.0,15.0,75.66666666666667,82.66666666666667,0.23076923076923084,24.62,1.4100000000000001,28.73333333333333,30.394999999999996,0.05727051177904152,16.05,16.429999999999996,23.583333333333325,29.218333333333334,1.0,32.48,28.899483389173074,1,0,0
2.0,86,45.67,32.09,2025-06-14 02:00:00,5.0,14.0,2.0,0,0,0,0,0,0.0,32.0,80.0,6.0,77.0,79.66666666666667,0.07499999999999996,26.03,19.64,32.10666666666666,31.368333333333336,0.7545140222819824,32.48,-0.38999999999999346,26.873333333333324,26.968333333333334,-0.012007389162561388,45.67,37.69419449981746,0,0,0
3.0,84,36.58,19.32,2025-06-14 03:00:00,5.0,14.0,2.0,0,0,0,0,0,0.0,31.0,86.0,-2.0,83.33333333333333,79.5,-0.023255813953488413,45.67,-9.090000000000003,36.09333333333333,31.745000000000005,-0.19903656667396552,32.09,-12.770000000000003,27.963333333333328,25.01,-0.3979432845123092,36.58,25.285351998473132,0,0,0
4.0,83,49.76,23.83,2025-06-14 04:00:00,5.0,14.0,2.0,0,0,0,0,0,0.0,30.0,84.0,-1.0,84.33333333333333,80.0,-0.011904761904761862,36.58,13.18,44.00333333333333,36.36833333333333,0.3603061782394752,19.32,4.509999999999998,25.079999999999995,24.331666666666663,0.2334368530020703,49.76,32.22668256248563,0,0,0
5.0,85,31.8,33.74,2025-06-14 05:00:00,5.0,14.0,2.0,0,0,0,0,0,0.0,29.0,83.0,2.0,84.0,80.5,0.024096385542168752,49.76,-17.959999999999997,39.379999999999995,35.74333333333333,-0.3609324758842444,23.83,9.910000000000004,25.629999999999995,26.251666666666665,0.4158623583718004,33.74,32.74128729415186,0,0,0
6.0,79,60.41,36.26,2025-06-14 06:00:00,5.0,14.0,2.0,0,0,0,0,0,0.0,28.0,85.0,-6.0,82.33333333333333,82.83333333333333,-0.07058823529411762,31.8,28.609999999999996,47.32333333333332,41.708333333333336,0.8996855345911947,33.74,2.519999999999996,31.27666666666666,29.62,0.07468879668049788,60.41,45.3184354678966,0,0,0
7.0,81,26.79,21.47,2025-06-14 07:00:00,5.0,14.0,2.0,0,0,0,0,0,0.0,27.0,79.0,2.0,81.66666666666667,83.0,0.025316455696202445,60.41,-33.62,39.666666666666664,41.835,-0.5565303757656017,36.26,-14.79,30.48999999999999,27.785,-0.40788747931605074,26.79,23.836771201061516,0,0,0
8.0,87,55.97,27.88,2025-06-14 08:00:00,5.0,14.0,2.0,0,0,0,0,0,0.0,26.0,81.0,6.0,82.33333333333333,83.16666666666667,0.07407407407407418,26.79,29.18,47.72333333333333,43.55166666666667,1.0,21.47,6.41,28.536666666666658,27.083333333333332,0.29855612482533767,55.97,37.21988270459293,1,0,0
9.0,89,28.31,33.45,2025-06-14 09:00:00,5.0,14.0,2.0,1,0,0,0,0,0.0,25.0,87.0,2.0,85.66666666666667,84.0,0.02298850574712641,55.97,-27.66,37.023333333333326,42.17333333333334,-0.49419331784884757,27.88,5.570000000000004,27.599999999999994,29.438333333333333,0.19978479196556687,33.45,30.666110287141997,0,0,0
10.0,92,44.64,33.75,2025-06-14 10:00:00,5.0,14.0,2.0,1,0,0,0,0,0.0,24.0,89.0,3.0,89.33333333333333,85.5,0.03370786516853941,28.31,16.330000000000002,42.97333333333332,41.32,0.5768279759802191,33.45,0.29999999999999716,31.693333333333328,31.09166666666667,0.008968609865470656,44.64,38.43857588418707,0,0,0
11.0,77,48.03,30.61,2025-06-14 11:00:00,5.0,14.0,2.0,1,0,0,0,0,0.0,25.0,92.0,-15.0,86.0,84.16666666666667,-0.1630434782608695,44.64,3.3900000000000006,40.32666666666666,44.025,0.07594086021505375,33.75,-3.1400000000000006,32.603333333333325,30.570000000000004,-0.09303703703703703,48.03,37.39059721019078,0,0,0
12.0,74,41.75,13.59,2025-06-14 12:00:00,5.0,14.0,2.0,1,0,0,0,0,0.0,24.0,77.0,-3.0,81.0,83.33333333333333,-0.038961038961038974,48.03,-6.280000000000001,44.806666666666665,40.915,-0.1307516135748491,30.61,-17.02,25.983333333333324,26.791666666666668,-0.5560274420124143,41.75,20.505330348656845,0,0,0
13.0,83,44.09,22.39,2025-06-14 13:00:00,5.0,14.0,2.0,1,0,0,0,0,0.0,25.0,74.0,9.0,78.0,83.66666666666667,0.12162162162162171,41.75,2.3400000000000034,44.623333333333335,43.798333333333325,0.05604790419161687,13.59,8.8,22.19666666666666,26.945000000000004,0.6475349521707139,44.09,29.698408127280267,1,0,0
14.0,75,36.87,38.85,2025-06-14 14:00:00,5.0,14.0,2.0,1,0,0,0,0,0.0,24.0,83.0,-8.0,77.33333333333333,81.66666666666667,-0.09638554216867468,44.09,-7.220000000000006,40.90333333333333,40.615,-0.16375595373100493,22.39,16.46,24.943333333333328,28.773333333333337,0.7351496203662349,38.85,37.83411204656482,0,0,0
15.0,71,21.57,29.57,2025-06-14 15:00:00,5.0,14.0,2.0,1,0,0,0,0,0.0,25.0,75.0,-4.0,76.33333333333333,78.66666666666667,-0.053333333333333344,36.87,-15.299999999999997,34.17666666666666,39.49166666666667,-0.4149715215622457,38.85,-9.280000000000001,30.269999999999992,28.126666666666665,-0.23886743886743889,29.57,24.94426627015514,0,0,0
16.0,71,18.1,26.43,2025-06-14 16:00:00,5.0,14.0,2.0,1,0,0,0,0,0.0,24.0,71.0,0.0,72.33333333333333,75.16666666666667,0.0,21.57,-3.469999999999999,25.513333333333332,35.068333333333335,-0.16087158089939724,29.57,-3.1400000000000006,31.61666666666666,26.906666666666666,-0.1061887047683463,26.43,21.485874253629596,0,0,0
17.0,82,37.44,42.69,2025-06-14 17:00:00,5.0,14.0,2.0,1,0,0,0,0,0.0,25.0,71.0,11.0,74.66666666666667,76.0,0.15492957746478875,18.1,19.339999999999996,25.70333333333333,33.303333333333335,1.0,26.43,16.259999999999998,32.89666666666666,28.919999999999998,0.6152099886492621,42.69,39.89301337959549,1,0,0
18.0,95,41.25,24.41,2025-06-14 18:00:00,5.0,14.0,2.0,1,0,0,0,0,0.0,24.0,82.0,13.0,82.66666666666667,79.5,0.15853658536585358,37.44,3.8100000000000023,32.26333333333333,33.22,0.10176282051282048,42.69,-18.279999999999998,31.17666666666666,30.723333333333333,-0.4282033263059264,41.25,30.67049910644991,0,0,0
19.0,84,26.28,22.67,2025-06-14 19:00:00,5.0,14.0,2.0,1,0,0,0,0,0.0,24.0,95.0,-11.0,87.0,79.66666666666667,-0.11578947368421055,41.25,-14.969999999999999,34.99,30.251666666666665,-0.36290909090909085,24.41,-1.7399999999999984,29.92333333333333,30.77,-0.07128226136829163,26.28,24.341883098225065,0,0,0
20.0,82,23.66,39.94,2025-06-14 20:00:00,5.0,14.0,2.0,0,0,0,0,0,0.0,25.0,84.0,-2.0,87.0,80.83333333333333,-0.023809523809523836,26.28,-2.620000000000001,30.396666666666665,28.049999999999997,-0.09969558599695594,22.67,17.269999999999996,29.00666666666666,30.951666666666664,0.761799735333039,39.94,29.716364344082322,0,0,0
21.0,55,6.43,37.17,2025-06-14 21:00:00,5.0,14.0,2.0,0,0,0,0,0,0.0,26.0,82.0,-27.0,73.66666666666667,78.16666666666667,-0.3292682926829268,23.66,-17.23,18.789999999999996,25.526666666666667,-0.7282333051563821,39.94,-2.769999999999996,33.26,32.218333333333334,-0.06935403104656979,37.17,10.963444748544845,0,0,0
22.0,82,39.54,19.0,2025-06-14 22:00:00,5.0,14.0,2.0,0,0,0,0,0,0.0,27.0,55.0,27.0,73.0,80.0,0.49090909090909096,6.43,33.11,23.209999999999994,29.100000000000005,1.0,37.17,-18.17,32.03666666666666,30.98,-0.48883508205542103,39.54,25.66655238014089,0,0,0
23.0,64,18.28,24.25,2025-06-14 23:00:00,5.0,14.0,2.0,0,0,0,0,0,0.0,28.0,82.0,-18.0,67.0,77.0,-0.2195121951219512,39.54,-21.259999999999998,21.41666666666666,25.906666666666666,-0.537683358624178,19.0,5.25,26.80666666666666,27.906666666666666,0.2763157894736843,24.25,20.845990622008216,0,0,0
0.0,77,40.43,21.82,2025-06-15 00:00:00,6.0,15.0,3.0,0,0,0,0,0,0.0,10.0,64.0,13.0,74.33333333333333,74.0,0.203125,18.28,22.15,32.74999999999999,25.77,1.0,24.25,-2.4299999999999997,21.689999999999998,27.474999999999998,-0.10020618556701033,40.43,28.34321564107284,0,0,0
1.0,83,50.2,15.57,2025-06-15 01:00:00,6.0,15.0,3.0,0,0,0,0,0,0.0,9.0,77.0,6.0,74.66666666666667,73.83333333333333,0.07792207792207795,40.43,9.770000000000003,36.303333333333335,29.75666666666667,0.2416522384368045,21.82,-6.25,20.546666666666663,26.291666666666668,-0.28643446379468374,50.2,23.768100626910435,0,0,0
2.0,59,30.12,13.54,2025-06-15 02:00:00,6.0,15.0,3.0,0,0,0,0,0,0.0,8.0,83.0,-24.0,73.0,70.0,-0.28915662650602414,50.2,-20.080000000000002,40.24999999999999,30.83333333333334,-0.4,15.57,-2.030000000000001,16.976666666666663,21.891666666666666,-0.13037893384714205,30.12,18.681850282138107,0,0,0
3.0,87,27.13,29.71,2025-06-15 03:00:00,6.0,15.0,3.0,0,0,0,0,0,0.0,7.0,59.0,28.0,76.33333333333333,75.33333333333333,0.47457627118644075,30.12,-2.990000000000002,35.81666666666666,34.28333333333334,-0.09926958831341304,13.54,16.17,19.606666666666662,20.648333333333333,1.0,29.71,28.361445700889412,1,0,0
4.0,70,17.76,31.78,2025-06-15 04:00:00,6.0,15.0,3.0,0,0,0,0,0,0.0,6.0,87.0,-17.0,72.0,73.33333333333333,-0.1954022988505747,27.13,-9.369999999999997,25.00333333333333,30.653333333333336,-0.3453741245853298,29.71,2.0700000000000003,25.009999999999994,22.778333333333336,0.06967351060249083,31.78,22.786144110089946,0,0,0
5.0,83,29.41,32.53,2025-06-15 05:00:00,6.0,15.0,3.0,0,0,0,0,0,0.0,5.0,70.0,13.0,80.0,76.5,0.18571428571428572,17.76,11.649999999999999,24.766666666666662,32.50833333333333,0.6559684684684683,31.78,0.75,31.339999999999993,24.15833333333333,0.02359974826935174,32.53,30.891420263296414,0,0,0
6.0,71,23.43,15.41,2025-06-15 06:00:00,6.0,15.0,3.0,0,0,0,0,0,0.0,4.0,83.0,-12.0,74.66666666666667,75.5,-0.14457831325301207,29.41,-5.98,23.53333333333333,29.675,-0.20333219993199592,32.53,-17.12,26.573333333333327,23.090000000000003,-0.5262834306793729,23.43,18.591982065088,0,0,0
7.0,81,35.79,22.58,2025-06-15 07:00:00,6.0,15.0,3.0,0,0,0,0,0,0.0,3.0,71.0,10.0,78.33333333333333,75.16666666666667,0.14084507042253525,23.43,12.36,29.543333333333326,27.27333333333333,0.5275288092189501,15.41,7.169999999999998,23.50666666666666,24.258333333333336,0.4652822842310187,35.79,27.690189726054655,1,0,0
8.0,77,31.1,37.84,2025-06-15 08:00:00,6.0,15.0,3.0,0,0,0,0,0,0.0,2.0,81.0,-4.0,76.33333333333333,78.16666666666667,-0.04938271604938271,35.79,-4.689999999999998,30.106666666666666,27.436666666666667,-0.13104219055602118,22.58,15.260000000000005,25.27666666666666,28.308333333333337,0.6758193091231182,37.84,34.140527529148144,0,0,0
9.0,79,38.58,37.57,2025-06-15 09:00:00,6.0,15.0,3.0,1,0,0,0,0,0.0,1.0,77.0,2.0,79.0,76.83333333333333,0.025974025974025983,31.1,7.479999999999997,35.15666666666666,29.345,0.24051446945337607,37.84,-0.2700000000000031,32.66333333333333,29.618333333333336,-0.007135306553911258,38.58,38.06830156180825,0,0,1
10.0,260,100.0,88.42,2025-06-15 10:00:00,6.0,15.0,3.0,1,1,1,0,0,0.9,0.0,79.0,181.0,138.66666666666666,108.5,1.0,38.58,61.42,56.559999999999995,43.05166666666667,1.0,37.57,50.85,54.60999999999999,39.05833333333333,1.0,100.0,93.85415512231103,1,1,1
11.0,271,100.0,100.0,2025-06-15 11:00:00,6.0,15.0,3.0,1,1,1,0,0,0.9,1.0,260.0,11.0,203.33333333333334,139.83333333333334,0.04230769230769238,100.0,0.0,79.52666666666666,54.81666666666666,0.0,88.42,11.579999999999998,75.33,50.303333333333335,0.1309658448314861,100.0,99.99999951000001,0,1,1
12.0,243,99.99,100.0,2025-06-15 12:00:00,6.0,15.0,3.0,1,1,1,0,0,0.9,0.0,271.0,-28.0,258.0,168.5,-0.10332103321033215,100.0,-0.010000000000005116,99.99666666666666,67.57666666666667,-0.00010000000000010001,100.0,0.0,96.14,64.40166666666666,0.0,100.0,99.994999259988,0,1,0
13.0,76,25.89,25.54,2025-06-15 13:00:00,6.0,15.0,3.0,1,0,0,0,0,0.0,1.0,243.0,-167.0,196.66666666666666,167.66666666666666,-0.6872427983539094,99.99,-74.1,75.29333333333332,65.92666666666666,-0.741074107410741,100.0,-74.46000000000001,75.17999999999999,64.895,-0.7445999999999999,25.89,25.713808599770395,0,0,1
14.0,187,85.67,66.84,2025-06-15 14:00:00,6.0,15.0,3.0,1,1,0,0,1,0.7,0.0,76.0,111.0,168.66666666666666,186.0,1.0,25.89,59.78,70.51666666666665,75.02166666666666,1.0,25.54,41.300000000000004,64.12666666666667,69.72833333333334,1.0,85.67,75.0925547630152,1,1,0
15.0,210,73.72,69.88,2025-06-15 15:00:00,6.0,15.0,3.0,1,1,0,0,1,0.7,1.0,187.0,23.0,157.66666666666666,207.83333333333334,0.12299465240641716,85.67,-11.950000000000003,61.75999999999999,80.87833333333333,-0.13948873584685428,66.84,3.039999999999992,54.086666666666666,75.11333333333333,0.04548174745661271,73.72,71.74865689590072,0,0,1
16.0,227,90.67,83.81,2025-06-15 16:00:00,6.0,15.0,3.0,1,1,0,0,1,0.7,0.0,210.0,17.0,208.0,202.33333333333334,0.08095238095238089,73.72,16.950000000000003,83.35333333333334,79.32333333333332,0.22992403689636465,69.88,13.930000000000007,73.51,74.345,0.19934172867773348,90.67,87.10514279513329,1,1,0
17.0,74,21.73,17.21,2025-06-15 17:00:00,6.0,15.0,3.0,1,0,0,0,0,0.0,1.0,227.0,-153.0,170.33333333333334,169.5,-0.6740088105726872,90.67,-68.94,62.03999999999999,66.27833333333332,-0.7603396933936253,83.81,-66.6,56.96666666666667,60.54666666666666,-0.7946545758262737,21.73,19.20766776559662,0,0,0
18.0,197,81.82,63.07,2025-06-15 18:00:00,6.0,15.0,3.0,1,1,0,1,0,0.8,0.0,74.0,123.0,166.0,161.83333333333334,1.0,21.73,60.08999999999999,64.74,63.25,1.0,17.21,45.86,54.696666666666665,54.39166666666667,1.0,81.82,71.231794677122,1,0,1
19.0,261,100.0,91.52,2025-06-15 19:00:00,6.0,15.0,3.0,1,1,0,1,0,0.8,0.0,197.0,64.0,177.33333333333334,192.66666666666666,0.3248730964467006,81.82,18.180000000000007,67.84999999999998,75.60166666666667,0.2221950623319482,63.07,28.449999999999996,57.26666666666667,65.38833333333334,0.4510860948152846,100.0,95.57226350473965,0,1,0
20.0,80,47.44,26.79,2025-06-15 20:00:00,6.0,15.0,3.0,0,0,0,0,0,0.0,1.0,261.0,-181.0,179.33333333333334,174.83333333333334,-0.6934865900383143,100.0,-52.56,76.42,69.23,-0.5256000000000001,91.52,-64.72999999999999,60.46,58.71333333333333,-0.7072770979020979,47.44,34.24269389407661,0,0,0
21.0,94,55.67,29.91,2025-06-15 21:00:00,6.0,15.0,3.0,0,0,0,0,0,0.0,2.0,80.0,14.0,145.0,155.5,0.17500000000000004,47.44,8.230000000000004,67.70333333333333,66.22166666666666,0.1734822934232716,26.79,3.120000000000001,49.406666666666666,52.05166666666667,0.11646136618141112,55.67,38.91305635764132,1,0,0
22.0,97,50.0,46.76,2025-06-15 22:00:00,6.0,15.0,3.0,0,0,0,0,0,0.0,3.0,94.0,3.0,90.33333333333333,133.83333333333334,0.03191489361702127,55.67,-5.670000000000002,51.036666666666655,59.44333333333333,-0.10185018861146045,29.91,16.849999999999998,34.486666666666665,45.876666666666665,0.5633567368772985,50.0,48.32575396521544,0,0,0
23.0,101,39.53,49.32,2025-06-15 23:00:00,6.0,15.0,3.0,0,0,0,0,0,0.0,4.0,97.0,4.0,97.33333333333333,138.33333333333334,0.04123711340206193,50.0,-10.469999999999999,48.4,62.410000000000004,-0.20940000000000003,46.76,2.5600000000000023,41.99666666666666,51.22833333333333,0.054747647562018775,49.32,43.88564049650377,0,0,0
0.0,80,42.75,29.76,2025-06-16 00:00:00,0.0,16.0,3.0,0,0,0,0,0,0.0,106.0,101.0,-21.0,92.66666666666667,118.83333333333333,-0.20792079207920788,39.53,3.219999999999999,44.09333333333333,55.89833333333333,0.081457121173792,49.32,-19.56,41.946666666666665,45.67666666666667,-0.3965936739659367,42.75,35.0914352076757,0,0,0
1.0,81,31.12,34.74,2025-06-16 01:00:00,0.0,16.0,3.0,0,0,0,0,0,0.0,105.0,80.0,1.0,87.33333333333333,88.83333333333333,0.012499999999999956,42.75,-11.629999999999999,37.79999999999999,44.41833333333333,-0.272046783625731,29.76,4.98,37.940000000000005,36.21333333333334,0.16733870967741926,34.74,32.830512741717094,0,0,0
2.0,75,27.09,21.6,2025-06-16 02:00:00,0.0,16.0,3.0,0,0,0,0,0,0.0,104.0,81.0,-6.0,78.66666666666667,88.0,-0.07407407407407407,31.12,-4.030000000000001,33.65333333333333,41.02666666666667,-0.12949871465295637,34.74,-13.14,28.7,35.348333333333336,-0.37823834196891193,27.09,24.035489381074363,0,0,0
3.0,82,35.74,15.09,2025-06-16 03:00:00,0.0,16.0,3.0,0,0,0,0,0,0.0,103.0,75.0,7.0,79.33333333333333,86.0,0.09333333333333327,27.09,8.650000000000002,31.31666666666666,37.705000000000005,0.3193060169804356,21.6,-6.510000000000002,23.810000000000002,32.87833333333334,-0.30138888888888893,35.74,21.220404894345762,1,0,0
4.0,89,48.08,32.95,2025-06-16 04:00:00,0.0,16.0,3.0,0,0,0,0,0,0.0,102.0,82.0,7.0,82.0,84.66666666666667,0.08536585365853666,35.74,12.339999999999996,36.96999999999999,37.385,0.345271404588696,15.09,17.860000000000003,23.213333333333335,30.576666666666668,1.0,48.08,39.10245542265266,1,0,0
5.0,79,42.6,23.53,2025-06-16 05:00:00,0.0,16.0,3.0,0,0,0,0,0,0.0,101.0,89.0,-10.0,83.33333333333333,81.0,-0.1123595505617978,48.08,-5.479999999999997,42.139999999999986,37.89666666666667,-0.11397670549084848,32.95,-9.420000000000002,23.856666666666666,26.278333333333336,-0.2858877086494689,42.6,30.315378371157145,0,0,0
6.0,68,29.77,24.63,2025-06-16 06:00:00,0.0,16.0,3.0,0,0,0,0,0,0.0,100.0,79.0,-11.0,78.66666666666667,79.0,-0.1392405063291139,42.6,-12.830000000000002,40.14999999999999,35.733333333333334,-0.3011737089201878,23.53,1.0999999999999979,27.036666666666665,25.423333333333336,0.04674883127921792,29.77,26.957172335346097,0,0,0
7.0,74,46.58,24.97,2025-06-16 07:00:00,0.0,16.0,3.0,0,0,0,0,0,0.0,99.0,68.0,6.0,73.66666666666667,77.83333333333333,0.08823529411764697,29.77,16.81,39.64999999999999,38.31,0.5646624118239838,24.63,0.33999999999999986,24.376666666666665,23.795,0.01380430369468133,46.58,32.5116026483354,0,0,0
8.0,86,24.43,33.58,2025-06-16 08:00:00,0.0,16.0,3.0,0,0,0,0,0,0.0,98.0,74.0,12.0,76.0,79.66666666666667,0.16216216216216206,46.58,-22.15,33.59333333333333,37.86666666666667,-0.47552597681408326,24.97,8.61,27.726666666666663,25.791666666666668,0.3448137765318382,33.58,28.283378274721976,0,0,0
9.0,70,35.09,17.45,2025-06-16 09:00:00,0.0,16.0,3.0,1,0,0,0,0,0.0,97.0,86.0,-16.0,76.66666666666667,77.66666666666667,-0.18604651162790697,24.43,10.660000000000004,35.36666666666665,37.75833333333333,0.4363487515349982,33.58,-16.13,25.333333333333332,26.185,-0.4803454437164979,35.09,23.30873579541805,0,0,0
10.0,69,32.45,29.6,2025-06-16 10:00:00,0.0,16.0,3.0,1,0,0,0,0,0.0,96.0,70.0,-1.0,75.0,74.33333333333333,-0.014285714285714235,35.09,-2.6400000000000006,30.656666666666656,35.153333333333336,-0.0752351097178684,17.45,12.150000000000002,26.876666666666665,25.626666666666665,0.696275071633238,32.45,30.959548284294147,0,0,0
11.0,68,29.91,31.11,2025-06-16 11:00:00,0.0,16.0,3.0,1,0,0,0,0,0.0,97.0,69.0,-1.0,69.0,72.5,-0.01449275362318836,32.45,-2.5400000000000027,32.48333333333333,33.038333333333334,-0.07827426810477667,29.6,1.509999999999998,26.05333333333333,26.89,0.051013513513513464,31.11,30.49820012294002,0,0,0
12.0,84,17.33,30.94,2025-06-16 12:00:00,0.0,16.0,3.0,1,0,0,0,0,0.0,96.0,68.0,16.0,73.66666666666667,75.16666666666667,0.23529411764705888,29.91,-12.580000000000002,26.563333333333322,30.965,-0.4205951186894016,31.11,-0.16999999999999815,30.55,27.941666666666666,-0.005464480874316835,30.94,22.21629127374578,0,0,0
13.0,86,32.37,18.56,2025-06-16 13:00:00,0.0,16.0,3.0,1,0,0,0,0,0.0,97.0,84.0,2.0,79.33333333333333,77.16666666666667,0.023809523809523725,17.33,15.04,26.536666666666658,28.596666666666664,0.8678592036930179,30.94,-12.380000000000003,26.87,26.873333333333335,-0.4001292824822237,32.37,23.592664017422656,0,0,0
14.0,85,38.11,22.68,2025-06-16 14:00:00,0.0,16.0,3.0,1,0,0,0,0,0.0,96.0,86.0,-1.0,85.0,77.0,-0.011627906976744207,32.37,5.740000000000002,29.269999999999992,30.876666666666665,0.17732468334877982,18.56,4.120000000000001,24.060000000000002,25.05666666666667,0.22198275862068972,38.11,28.436742450456613,0,0,0
15.0,73,23.41,30.88,2025-06-16 15:00:00,0.0,16.0,3.0,1,0,0,0,0,0.0,97.0,85.0,-12.0,81.33333333333333,77.5,-0.14117647058823535,38.11,-14.7,31.296666666666656,28.930000000000003,-0.38572553135659926,22.68,8.2,24.040000000000003,27.295,0.3615520282186948,30.88,26.631084460654183,0,0,0
16.0,78,38.06,19.84,2025-06-16 16:00:00,0.0,16.0,3.0,1,0,0,0,0,0.0,96.0,73.0,5.0,78.66666666666667,79.0,0.06849315068493156,23.41,14.650000000000002,33.19333333333332,29.865,0.6258009397693294,30.88,-11.04,24.466666666666665,25.668333333333333,-0.3575129533678756,38.06,26.083260378527456,0,0,0
17.0,70,37.87,17.95,2025-06-16 17:00:00,0.0,16.0,3.0,1,0,0,0,0,0.0,97.0,78.0,-8.0,73.66666666666667,79.33333333333333,-0.10256410256410253,38.06,-0.19000000000000483,33.11333333333332,31.191666666666663,-0.004992117708880861,19.84,-1.8900000000000006,22.89,23.474999999999998,-0.09526209677419362,37.87,24.355660652890354,0,0,0
18.0,80,37.16,39.17,2025-06-16 18:00:00,0.0,16.0,3.0,1,0,0,0,0,0.0,96.0,70.0,10.0,76.0,78.66666666666667,0.1428571428571428,37.87,-0.7100000000000009,37.69666666666666,34.49666666666666,-0.01874834961711125,17.95,21.220000000000002,25.653333333333336,24.846666666666668,1.0,39.17,38.138534833767395,0,0,0
19.0,70,23.22,10.99,2025-06-16 19:00:00,0.0,16.0,3.0,1,0,0,0,0,0.0,96.0,80.0,-10.0,73.33333333333333,76.0,-0.125,37.16,-13.939999999999998,32.74999999999999,32.971666666666664,-0.3751345532831001,39.17,-28.18,22.703333333333333,23.584999999999997,-0.7194281337758488,23.22,14.918900528532577,0,0,0
20.0,85,17.52,33.86,2025-06-16 20:00:00,0.0,16.0,3.0,0,0,0,0,0,0.0,97.0,70.0,15.0,78.33333333333333,76.0,0.2142857142857142,23.22,-5.699999999999999,25.966666666666654,29.539999999999996,-0.24547803617571062,10.99,22.869999999999997,28.00666666666667,25.448333333333334,1.0,33.86,23.091755136400252,1,0,0
21.0,83,24.4,32.22,2025-06-16 21:00:00,0.0,16.0,3.0,0,0,0,0,0,0.0,98.0,85.0,-2.0,79.33333333333333,77.66666666666667,-0.02352941176470591,17.52,6.879999999999999,21.713333333333324,29.705,0.3926940639269405,33.86,-1.6400000000000006,25.689999999999998,25.671666666666667,-0.04843473124630837,32.22,27.769974818615772,0,0,0
22.0,80,21.82,38.04,2025-06-16 22:00:00,0.0,16.0,3.0,0,0,0,0,0,0.0,99.0,83.0,-3.0,82.66666666666667,78.0,-0.03614457831325302,24.4,-2.5799999999999983,21.246666666666655,26.998333333333335,-0.1057377049180327,32.22,5.82,34.70666666666667,28.705,0.18063314711359402,38.04,27.732468664676432,0,0,0
23.0,77,23.98,20.66,2025-06-16 23:00:00,0.0,16.0,3.0,0,0,0,0,0,0.0,100.0,80.0,-3.0,80.0,79.16666666666667,-0.03749999999999998,21.82,2.16,23.39999999999999,24.683333333333334,0.0989917506874427,38.04,-17.38,30.30666666666666,29.156666666666666,-0.45688748685594105,23.98,22.196540766206525,0,0,0
0.0,66,40.26,34.73,2025-06-17 00:00:00,1.0,17.0,3.0,0,0,0,0,0,0.0,82.0,77.0,-11.0,74.33333333333333,76.83333333333333,-0.1428571428571429,23.98,16.279999999999998,28.686666666666657,25.2,0.6788990825688073,20.66,14.069999999999997,31.143333333333334,28.416666666666668,0.6810261374636979,40.26,37.29109967607548,0,0,0
1.0,97,41.42,22.0,2025-06-17 01:00:00,1.0,17.0,3.0,0,0,0,0,0,0.0,81.0,66.0,31.0,80.0,81.33333333333333,0.4696969696969697,40.26,1.1600000000000037,35.21999999999999,28.233333333333334,0.028812717337307614,34.73,-12.729999999999997,25.796666666666667,30.251666666666665,-0.36654189461560605,41.42,28.73667570582347,0,0,0
2.0,81,37.76,17.25,2025-06-17 02:00:00,1.0,17.0,3.0,0,0,0,0,0,0.0,80.0,97.0,-16.0,81.33333333333333,80.66666666666667,-0.1649484536082474,41.42,-3.6600000000000037,39.813333333333325,31.606666666666666,-0.08836310960888472,22.0,-4.75,24.66,27.48333333333333,-0.21590909090909094,37.76,23.681512058143756,0,0,0
3.0,76,36.34,31.73,2025-06-17 03:00:00,1.0,17.0,3.0,0,0,0,0,0,0.0,79.0,81.0,-5.0,84.66666666666667,79.5,-0.06172839506172845,37.76,-1.4199999999999946,38.50666666666666,33.596666666666664,-0.0376059322033897,17.25,14.48,23.66,27.401666666666667,0.8394202898550724,36.34,33.878894786559506,0,0,0
4.0,83,27.16,35.56,2025-06-17 04:00:00,1.0,17.0,3.0,0,0,0,0,0,0.0,78.0,76.0,7.0,80.0,80.0,0.09210526315789469,36.34,-9.180000000000003,33.75333333333332,34.486666666666665,-0.25261419922949924,31.73,3.830000000000002,28.180000000000003,26.988333333333333,0.12070595650803662,35.56,30.797499540856197,0,0,0
5.0,79,35.89,31.92,2025-06-17 05:00:00,1.0,17.0,3.0,0,0,0,0,0,0.0,77.0,83.0,-4.0,79.33333333333333,80.33333333333333,-0.048192771084337394,27.16,8.73,33.12999999999999,36.47166666666667,0.3214285714285714,35.56,-3.6400000000000006,33.07,28.865,-0.10236220472440949,35.89,33.788785845910844,0,0,0
6.0,58,17.75,19.95,2025-06-17 06:00:00,1.0,17.0,3.0,0,0,0,0,0,0.0,76.0,79.0,-21.0,73.33333333333333,79.0,-0.26582278481012656,35.89,-18.14,26.933333333333323,32.72,-0.5054332683198663,31.92,-11.970000000000002,29.143333333333334,26.401666666666667,-0.3750000000000001,19.95,18.78580857332073,0,0,0
7.0,75,17.93,12.26,2025-06-17 07:00:00,1.0,17.0,3.0,0,0,0,0,0,0.0,75.0,58.0,17.0,70.66666666666667,75.33333333333333,0.2931034482758621,17.75,0.17999999999999972,23.856666666666655,28.805000000000003,0.010140845070422566,19.95,-7.6899999999999995,21.376666666666665,24.778333333333336,-0.3854636591478696,17.93,14.56255672200872,1,0,0
8.0,83,43.61,24.16,2025-06-17 08:00:00,1.0,17.0,3.0,0,0,0,0,0,0.0,74.0,75.0,8.0,72.0,75.66666666666667,0.10666666666666669,17.93,25.68,26.42999999999999,29.78,1.0,12.26,11.9,18.79,25.930000000000003,0.970636215334421,43.61,31.093923135695402,1,0,0
9.0,86,36.51,32.54,2025-06-17 09:00:00,1.0,17.0,3.0,1,0,0,0,0,0.0,73.0,83.0,3.0,81.33333333333333,77.33333333333333,0.03614457831325302,43.61,-7.100000000000001,32.68333333333332,29.808333333333337,-0.1628066957119927,24.16,8.379999999999999,22.986666666666668,26.064999999999998,0.3468543046357615,36.51,34.41087281084906,0,0,0
10.0,84,33.37,37.36,2025-06-17 10:00:00,1.0,17.0,3.0,1,0,0,0,0,0.0,72.0,86.0,-2.0,84.33333333333333,77.5,-0.023255813953488413,36.51,-3.1400000000000006,37.82999999999999,30.843333333333334,-0.08600383456587235,32.54,4.82,31.353333333333335,26.365,0.1481253841425938,37.36,35.25245817542121,0,0,0
11.0,93,10.14,35.57,2025-06-17 11:00:00,1.0,17.0,3.0,1,0,0,0,0,0.0,73.0,84.0,9.0,87.66666666666667,79.83333333333333,0.1071428571428572,33.37,-23.229999999999997,26.673333333333318,26.551666666666666,-0.6961342523224452,37.36,-1.7899999999999991,35.156666666666666,26.973333333333333,-0.04791220556745179,35.57,15.78122043795186,0,0,0
12.0,81,39.62,18.84,2025-06-17 12:00:00,1.0,17.0,3.0,1,0,0,0,0,0.0,72.0,93.0,-12.0,86.0,83.66666666666667,-0.12903225806451613,10.14,29.479999999999997,27.70999999999999,30.19666666666667,1.0,35.57,-16.73,30.590000000000003,26.788333333333338,-0.47034017430418895,39.62,25.536804250140197,0,0,0
13.0,83,37.69,31.73,2025-06-17 13:00:00,1.0,17.0,3.0,1,0,0,0,0,0.0,73.0,81.0,2.0,85.66666666666667,85.0,0.024691358024691468,39.62,-1.9299999999999997,29.149999999999988,33.49,-0.048712771327612314,18.84,12.89,28.713333333333335,30.03333333333333,0.6841825902335457,37.69,34.45415395485229,0,0,0
14.0,69,24.22,32.74,2025-06-17 14:00:00,1.0,17.0,3.0,1,0,0,0,0,0.0,72.0,83.0,-14.0,77.66666666666667,82.66666666666667,-0.1686746987951807,37.69,-13.469999999999999,33.84333333333333,30.258333333333336,-0.35738922791191297,31.73,1.0100000000000016,27.77,31.463333333333335,0.03183107469271995,32.74,27.84279449011948,0,0,0
15.0,87,40.27,29.22,2025-06-17 15:00:00,1.0,17.0,3.0,1,0,0,0,0,0.0,73.0,69.0,18.0,79.66666666666667,82.83333333333333,0.26086956521739135,24.22,16.050000000000004,34.059999999999995,30.885,0.6626754748142034,32.74,-3.520000000000003,31.23,30.91,-0.10751374465485652,40.27,33.866437877875406,0,0,0
16.0,87,26.77,29.16,2025-06-17 16:00:00,1.0,17.0,3.0,1,0,0,0,0,0.0,72.0,87.0,0.0,81.0,83.33333333333333,0.0,40.27,-13.500000000000004,30.41999999999999,29.785,-0.3352371492426124,29.22,-0.05999999999999872,30.373333333333335,29.543333333333337,-0.002053388090349051,29.16,27.91393481291016,0,0,0
17.0,90,45.18,24.29,2025-06-17 17:00:00,1.0,17.0,3.0,1,0,0,0,0,0.0,73.0,87.0,3.0,88.0,82.83333333333333,0.034482758620689724,26.77,18.41,37.40666666666666,35.625,0.6877101232723197,29.16,-4.870000000000001,27.55666666666667,27.66333333333333,-0.16700960219478744,45.18,31.594132293160616,0,0,0
18.0,72,30.24,22.48,2025-06-17 18:00:00,1.0,17.0,3.0,1,0,0,0,0,0.0,72.0,90.0,-18.0,83.0,81.33333333333333,-0.19999999999999996,45.18,-14.940000000000001,34.06333333333332,34.06166666666666,-0.3306772908366534,24.29,-1.8099999999999987,25.310000000000002,28.27,-0.07451626183614646,30.24,25.788891809770643,0,0,0
19.0,89,26.34,25.74,2025-06-17 19:00:00,1.0,17.0,3.0,1,0,0,0,0,0.0,72.0,72.0,17.0,83.66666666666667,82.33333333333333,0.23611111111111116,30.24,-3.8999999999999986,33.91999999999999,32.17,-0.12896825396825395,22.48,3.259999999999998,24.17,27.271666666666665,0.145017793594306,26.34,26.036543317270674,1,0,0
20.0,86,24.71,22.02,2025-06-17 20:00:00,1.0,17.0,3.0,0,0,0,0,0,0.0,73.0,89.0,-3.0,82.33333333333333,85.16666666666667,-0.0337078651685393,26.34,-1.629999999999999,27.096666666666653,32.25166666666667,-0.061883067577828355,25.74,-3.719999999999999,23.41333333333333,25.485,-0.1445221445221445,24.71,23.287574977796382,0,0,0
21.0,87,25.65,39.34,2025-06-17 21:00:00,1.0,17.0,3.0,0,0,0,0,0,0.0,74.0,86.0,1.0,87.33333333333333,85.16666666666667,0.011627906976744207,24.71,0.9399999999999977,25.56666666666666,29.814999999999998,0.03804127883447994,22.02,17.320000000000004,29.03333333333333,27.171666666666667,0.7865576748410539,39.34,31.05311541693929,1,0,0
22.0,80,40.46,28.26,2025-06-17 22:00:00,1.0,17.0,3.0,0,0,0,0,0,0.0,75.0,87.0,-7.0,84.33333333333333,84.0,-0.08045977011494254,25.65,14.810000000000002,30.273333333333323,32.096666666666664,0.5773879142300196,39.34,-11.080000000000002,29.873333333333335,27.021666666666665,-0.2816471784443315,40.46,33.277054259647066,0,0,0
23.0,79,24.42,29.71,2025-06-17 23:00:00,1.0,17.0,3.0,0,0,0,0,0,0.0,76.0,80.0,-1.0,82.0,82.16666666666667,-0.012499999999999956,40.46,-16.04,30.17666666666666,28.636666666666667,-0.39644092931290165,28.26,1.4499999999999993,32.43666666666667,27.925,0.05130927105449401,29.71,26.806509794817853,0,0,0
0.0,85,26.26,25.88,2025-06-18 00:00:00,2.0,18.0,3.0,0,0,0,0,0,0.0,58.0,79.0,6.0,81.33333333333333,84.33333333333333,0.07594936708860756,24.42,1.8399999999999999,30.379999999999992,27.973333333333333,0.0753480753480753,29.71,-3.830000000000002,27.95,28.491666666666664,-0.12891282396499504,26.26,26.068614804974782,0,0,0
1.0,71,14.67,18.11,2025-06-18 01:00:00,2.0,18.0,3.0,0,0,0,0,0,0.0,57.0,85.0,-14.0,78.33333333333333,81.33333333333333,-0.16470588235294115,26.26,-11.590000000000002,21.783333333333328,26.028333333333336,-0.4413556740289414,25.88,-7.77,24.566666666666663,27.22,-0.30023183925811436,18.11,16.20949926145518,0,0,0
2.0,83,31.23,38.54,2025-06-18 02:00:00,2.0,18.0,3.0,0,0,0,0,0,0.0,56.0,71.0,12.0,79.66666666666667,80.83333333333333,0.16901408450704225,14.67,16.560000000000002,24.053333333333324,27.115,1.0,18.11,20.43,27.51,29.973333333333333,1.0,38.54,34.5020548587924,1,0,0
3.0,67,28.74,18.57,2025-06-18 03:00:00,2.0,18.0,3.0,0,0,0,0,0,0.0,55.0,83.0,-16.0,73.66666666666667,77.5,-0.19277108433734935,31.23,-2.490000000000002,24.879999999999992,27.630000000000006,-0.07973102785782904,38.54,-19.97,25.073333333333334,26.511666666666667,-0.5181629475869227,28.74,22.561901911606384,0,0,0
4.0,58,19.46,13.53,2025-06-18 04:00:00,2.0,18.0,3.0,0,0,0,0,0,0.0,54.0,67.0,-9.0,69.33333333333333,73.83333333333333,-0.13432835820895528,28.74,-9.279999999999998,26.47666666666666,24.13,-0.32289491997216413,18.57,-5.040000000000001,23.546666666666667,24.05666666666667,-0.2714054927302101,19.46,15.962036557683037,0,0,0
5.0,72,25.73,32.21,2025-06-18 05:00:00,2.0,18.0,3.0,0,0,0,0,0,0.0,53.0,58.0,14.0,65.66666666666667,72.66666666666667,0.24137931034482762,19.46,6.27,24.643333333333327,24.348333333333333,0.3221993833504624,13.53,18.68,21.436666666666667,24.473333333333333,1.0,32.21,28.60763847760376,1,0,0
6.0,78,41.82,14.9,2025-06-18 06:00:00,2.0,18.0,3.0,0,0,0,0,0,0.0,52.0,72.0,6.0,69.33333333333333,71.5,0.08333333333333326,25.73,16.09,29.003333333333327,26.941666666666666,0.6253400699572482,32.21,-17.310000000000002,20.213333333333335,22.643333333333334,-0.5374107420055882,41.82,21.97172038131664,0,0,0
7.0,99,36.93,23.24,2025-06-18 07:00:00,2.0,18.0,3.0,0,0,0,0,0,0.0,51.0,78.0,21.0,83.0,76.16666666666667,0.26923076923076916,41.82,-4.890000000000001,34.826666666666654,30.651666666666667,-0.1169296987087518,14.9,8.339999999999998,23.45,23.498333333333335,0.559731543624161,36.93,28.527611325783422,0,0,0
8.0,84,30.43,25.49,2025-06-18 08:00:00,2.0,18.0,3.0,0,0,0,0,0,0.0,50.0,99.0,-15.0,87.0,76.33333333333333,-0.1515151515151515,36.93,-6.5,36.393333333333324,30.518333333333334,-0.17600866504197132,23.24,2.25,21.209999999999997,21.323333333333334,0.096815834767642,30.43,27.74179853823679,0,0,0
9.0,74,38.53,26.45,2025-06-18 09:00:00,2.0,18.0,3.0,1,0,0,0,0,0.0,49.0,84.0,-10.0,85.66666666666667,77.5,-0.11904761904761907,30.43,8.100000000000001,35.29666666666666,32.15,0.2661846861649688,25.49,0.9600000000000009,25.060000000000002,22.636666666666667,0.037661828167909084,38.53,31.367143284593055,0,0,0
10.0,80,16.43,26.83,2025-06-18 10:00:00,2.0,18.0,3.0,1,0,0,0,0,0.0,48.0,74.0,6.0,79.33333333333333,81.16666666666667,0.08108108108108114,38.53,-22.1,28.463333333333328,31.645,-0.5735790293277965,26.45,0.379999999999999,26.256666666666664,24.853333333333335,0.014366729678638945,26.83,20.379883994917154,0,0,0
11.0,82,42.4,18.86,2025-06-18 11:00:00,2.0,18.0,3.0,1,0,0,0,0,0.0,49.0,80.0,2.0,78.66666666666667,82.83333333333333,0.02499999999999991,16.43,25.97,32.453333333333326,34.42333333333333,1.0,26.83,-7.969999999999999,24.046666666666667,22.62833333333333,-0.29705553484904956,42.4,26.107214755024245,0,0,0
12.0,77,33.5,38.49,2025-06-18 12:00:00,2.0,18.0,3.0,1,0,0,0,0,0.0,48.0,82.0,-5.0,79.66666666666667,82.66666666666667,-0.060975609756097615,42.4,-8.899999999999999,30.776666666666657,33.03666666666667,-0.20990566037735847,18.86,19.630000000000003,28.060000000000002,26.560000000000002,1.0,38.49,35.822058149436614,0,0,0
13.0,77,22.49,28.62,2025-06-18 13:00:00,2.0,18.0,3.0,1,0,0,0,0,0.0,49.0,77.0,0.0,78.66666666666667,79.0,0.0,33.5,-11.010000000000002,32.79666666666666,30.63,-0.3286567164179105,38.49,-9.870000000000001,28.656666666666666,27.456666666666663,-0.2564302416212003,28.62,25.18739144614769,0,0,0
14.0,103,47.83,36.13,2025-06-18 14:00:00,2.0,18.0,3.0,1,0,0,0,0,0.0,48.0,77.0,26.0,85.66666666666667,82.16666666666667,0.33766233766233755,22.49,25.34,34.606666666666655,33.53,1.0,28.62,7.510000000000002,34.413333333333334,29.23,0.2624039133473097,47.83,41.16478990990007,1,0,0
15.0,83,45.46,25.92,2025-06-18 15:00:00,2.0,18.0,3.0,1,0,0,0,0,0.0,49.0,103.0,-20.0,87.66666666666667,83.66666666666667,-0.19417475728155342,47.83,-2.3699999999999974,38.59333333333333,34.684999999999995,-0.04955049132343714,36.13,-10.21,30.223333333333333,29.141666666666666,-0.2825906448934403,45.46,33.015499705582805,0,0,0
16.0,86,46.53,34.19,2025-06-18 16:00:00,2.0,18.0,3.0,1,0,0,0,0,0.0,48.0,83.0,3.0,90.66666666666667,84.66666666666667,0.03614457831325302,45.46,1.0700000000000003,46.606666666666655,39.70166666666667,0.023537175538935307,25.92,8.269999999999996,32.080000000000005,30.368333333333336,0.31905864197530853,46.53,39.41676613705692,1,0,0
17.0,97,65.15,47.82,2025-06-18 17:00:00,2.0,18.0,3.0,1,0,0,0,0,0.0,49.0,86.0,11.0,88.66666666666667,87.16666666666667,0.12790697674418605,46.53,18.620000000000005,52.379999999999995,43.49333333333334,0.4001719320868258,34.19,13.630000000000003,35.97666666666667,35.195,0.39865457736180177,65.15,55.1557576953549,1,0,0
18.0,89,39.83,50.03,2025-06-18 18:00:00,2.0,18.0,3.0,1,0,0,0,0,0.0,48.0,97.0,-8.0,90.66666666666667,89.16666666666667,-0.08247422680412375,65.15,-25.320000000000007,50.50333333333332,44.54833333333334,-0.38864159631619344,47.82,2.210000000000001,44.01333333333333,37.11833333333333,0.046214972814721866,50.03,44.35109901679169,0,0,0
19.0,90,29.97,27.49,2025-06-18 19:00:00,2.0,18.0,3.0,1,0,0,0,0,0.0,48.0,89.0,1.0,92.0,91.33333333333333,0.011235955056179803,39.83,-9.86,44.98333333333332,45.794999999999995,-0.2475520964097414,50.03,-22.540000000000003,41.78,36.93,-0.4505296821906857,29.97,28.676480566020178,0,0,0
20.0,71,24.25,25.06,2025-06-18 20:00:00,2.0,18.0,3.0,0,0,0,0,0,0.0,49.0,90.0,-19.0,83.33333333333333,86.0,-0.21111111111111114,29.97,-5.719999999999999,31.349999999999984,41.865,-0.19085752419085744,27.49,-2.4299999999999997,34.193333333333335,35.085,-0.08839578028373951,25.06,24.64834673193375,0,0,0
21.0,84,43.76,33.96,2025-06-18 21:00:00,2.0,18.0,3.0,0,0,0,0,0,0.0,50.0,71.0,13.0,81.66666666666667,86.16666666666667,0.18309859154929575,24.25,19.509999999999998,32.65999999999999,41.58166666666667,0.8045360824742267,25.06,8.900000000000002,28.836666666666662,36.425000000000004,0.355147645650439,43.76,38.242140552725935,1,0,0
22.0,77,42.38,17.12,2025-06-18 22:00:00,2.0,18.0,3.0,0,0,0,0,0,0.0,51.0,84.0,-7.0,77.33333333333333,84.66666666666667,-0.08333333333333337,43.76,-1.3799999999999955,36.79666666666665,40.89,-0.03153564899451544,33.96,-16.84,25.38,33.58,-0.4958775029446407,42.38,24.388087018687614,0,0,0
23.0,86,19.68,35.94,2025-06-18 23:00:00,2.0,18.0,3.0,0,0,0,0,0,0.0,52.0,77.0,9.0,82.33333333333333,82.83333333333333,0.11688311688311681,42.38,-22.700000000000003,35.27333333333332,33.31166666666667,-0.5356300141576216,17.12,18.819999999999997,29.006666666666664,31.600000000000005,1.0,35.94,25.433268187104133,0,0,0
0.0,92,29.62,26.88,2025-06-19 00:00:00,3.0,19.0,3.0,0,0,0,0,0,0.0,34.0,86.0,6.0,85.0,83.33333333333333,0.06976744186046502,19.68,9.940000000000001,30.559999999999988,31.610000000000003,0.5050813008130082,35.94,-9.059999999999999,26.646666666666665,27.74166666666667,-0.25208681135225375,29.62,28.183560598521055,0,0,0
1.0,71,34.68,33.64,2025-06-19 01:00:00,3.0,19.0,3.0,0,0,0,0,0,0.0,33.0,92.0,-21.0,83.0,80.16666666666667,-0.2282608695652174,29.62,5.059999999999999,27.99333333333332,32.395,0.1708305199189737,26.88,6.760000000000002,32.15333333333333,28.766666666666666,0.25148809523809534,34.68,34.15208383852337,0,0,0
2.0,80,33.61,25.97,2025-06-19 02:00:00,3.0,19.0,3.0,0,0,0,0,0,0.0,32.0,71.0,9.0,81.0,81.66666666666667,0.12676056338028174,34.68,-1.0700000000000003,32.63666666666665,33.955,-0.030853517877739378,33.64,-7.670000000000002,28.83,28.918333333333333,-0.2280023781212842,33.61,29.300157312854022,0,0,0
3.0,66,30.52,24.26,2025-06-19 03:00:00,3.0,19.0,3.0,0,0,0,0,0,0.0,31.0,80.0,-14.0,72.33333333333333,78.66666666666667,-0.17500000000000004,33.61,-3.09,32.93666666666665,31.748333333333335,-0.09193692353466232,25.97,-1.7099999999999973,27.956666666666667,27.301666666666666,-0.065845206006931,30.52,27.032317907405663,0,0,0
4.0,88,26.18,34.06,2025-06-19 04:00:00,3.0,19.0,3.0,0,0,0,0,0,0.0,30.0,66.0,22.0,78.0,80.5,0.33333333333333326,30.52,-4.34,30.103333333333314,29.048333333333332,-0.14220183486238536,24.26,9.8,28.096666666666668,30.125,0.403957131079967,34.06,29.60460777548792,0,0,0
5.0,84,43.31,28.71,2025-06-19 05:00:00,3.0,19.0,3.0,0,0,0,0,0,0.0,29.0,88.0,-4.0,79.33333333333333,80.16666666666667,-0.045454545454545414,26.18,17.130000000000003,33.33666666666665,32.98666666666667,0.6543162719633309,34.06,-5.350000000000001,29.01,28.92,-0.15707574867880214,43.31,34.530132844624646,0,0,0
6.0,82,31.5,26.88,2025-06-19 06:00:00,3.0,19.0,3.0,0,0,0,0,0,0.0,28.0,84.0,-2.0,84.66666666666667,78.5,-0.023809523809523836,43.31,-11.810000000000002,33.66333333333332,33.300000000000004,-0.27268529208035097,28.71,-1.8300000000000018,29.883333333333336,28.919999999999998,-0.0637408568443052,31.5,29.00719378199394,0,0,0
7.0,77,43.6,34.47,2025-06-19 07:00:00,3.0,19.0,3.0,0,0,0,0,0,0.0,27.0,82.0,-5.0,81.0,79.5,-0.060975609756097615,31.5,12.100000000000001,39.46999999999998,34.78666666666667,0.3841269841269841,26.88,7.59,30.02,29.058333333333337,0.2823660714285714,43.6,38.501139535018076,0,0,0
8.0,88,34.91,40.85,2025-06-19 08:00:00,3.0,19.0,3.0,0,0,0,0,0,0.0,26.0,77.0,11.0,82.33333333333333,80.83333333333333,0.1428571428571428,43.6,-8.690000000000005,36.66999999999998,35.00333333333334,-0.19931192660550467,34.47,6.380000000000003,34.06666666666667,31.538333333333338,0.18508848273861345,40.85,37.647135221130746,0,0,0
9.0,80,26.55,32.49,2025-06-19 09:00:00,3.0,19.0,3.0,1,0,0,0,0,0.0,25.0,88.0,-8.0,81.66666666666667,83.16666666666667,-0.09090909090909094,34.91,-8.359999999999996,35.01999999999998,34.34166666666666,-0.23947293039243756,40.85,-8.36,35.93666666666667,32.910000000000004,-0.20465116279069762,32.49,29.221188563326752,0,0,0
10.0,77,43.46,44.79,2025-06-19 10:00:00,3.0,19.0,3.0,1,0,0,0,0,0.0,24.0,80.0,-3.0,81.66666666666667,81.33333333333333,-0.03749999999999998,26.55,16.91,34.97333333333331,37.22166666666667,0.6369114877589455,32.49,12.299999999999997,39.37666666666667,34.69833333333334,0.3785780240073868,44.79,44.114977426459184,0,0,0
11.0,79,24.5,23.86,2025-06-19 11:00:00,3.0,19.0,3.0,1,0,0,0,0,0.0,25.0,77.0,2.0,78.66666666666667,80.5,0.025974025974025983,43.46,-18.96,31.503333333333313,34.086666666666666,-0.4362632305568339,44.79,-20.93,33.71333333333333,33.89,-0.4672918062067426,24.5,24.175764636564004,0,0,0
12.0,77,29.73,27.04,2025-06-19 12:00:00,3.0,19.0,3.0,1,0,0,0,0,0.0,24.0,79.0,-2.0,77.66666666666667,79.66666666666667,-0.025316455696202556,24.5,5.23,32.56333333333331,33.791666666666664,0.21346938775510216,23.86,3.1799999999999997,31.896666666666665,33.916666666666664,0.13327745180217931,29.73,28.321267811850138,0,0,0
13.0,84,35.06,35.35,2025-06-19 13:00:00,3.0,19.0,3.0,1,0,0,0,0,0.0,25.0,77.0,7.0,80.0,80.83333333333333,0.09090909090909083,29.73,5.330000000000002,29.76333333333331,32.36833333333333,0.17928018836192394,27.04,8.310000000000002,28.75,34.06333333333333,0.3073224852071006,35.35,35.20440231210905,1,0,0
14.0,69,35.66,25.03,2025-06-19 14:00:00,3.0,19.0,3.0,1,0,0,0,0,0.0,24.0,84.0,-15.0,76.66666666666667,77.66666666666667,-0.1785714285714286,35.06,0.5999999999999943,33.48333333333331,32.49333333333333,0.017113519680547418,35.35,-10.32,29.140000000000004,31.426666666666666,-0.29193776520509196,35.66,29.414064468379234,0,0,0
15.0,57,32.63,2.77,2025-06-19 15:00:00,3.0,19.0,3.0,1,0,0,0,0,0.0,25.0,69.0,-12.0,70.0,73.83333333333333,-0.17391304347826086,35.66,-3.029999999999994,34.44999999999998,33.50666666666667,-0.08496915311273123,25.03,-22.26,21.050000000000004,26.47333333333333,-0.8893328006392329,32.63,5.106502737104442,0,0,0
16.0,82,40.48,36.02,2025-06-19 16:00:00,3.0,19.0,3.0,1,0,0,0,0,0.0,24.0,57.0,25.0,69.33333333333333,74.66666666666667,0.4385964912280702,32.63,7.849999999999994,36.25666666666664,33.01,0.24057615691081802,2.77,33.25,21.273333333333337,25.011666666666667,1.0,40.48,38.119989070326945,1,0,0
17.0,80,26.63,25.99,2025-06-19 17:00:00,3.0,19.0,3.0,1,0,0,0,0,0.0,25.0,82.0,-2.0,73.0,74.83333333333333,-0.024390243902439046,40.48,-13.849999999999998,33.24666666666664,33.365,-0.3421442687747035,36.02,-10.030000000000005,21.593333333333337,25.36666666666667,-0.2784564131038313,26.63,26.306107481829958,0,0,0
18.0,84,34.45,21.75,2025-06-19 18:00:00,3.0,19.0,3.0,1,0,0,0,0,0.0,24.0,80.0,4.0,82.0,76.0,0.050000000000000044,26.63,7.820000000000004,33.85333333333331,34.15166666666667,0.2936537739391665,25.99,-4.239999999999998,27.92,24.485,-0.1631396691035013,34.45,26.665035148308984,1,0,0
19.0,107,39.28,36.64,2025-06-19 19:00:00,3.0,19.0,3.0,1,0,0,0,0,0.0,24.0,84.0,23.0,90.33333333333333,79.83333333333333,0.2738095238095237,34.45,4.829999999999998,33.45333333333331,34.855,0.14020319303338158,21.75,14.89,28.126666666666665,24.700000000000003,0.6845977011494253,39.28,37.914098578581424,0,0,0
20.0,66,35.94,23.38,2025-06-19 20:00:00,3.0,19.0,3.0,0,0,0,0,0,0.0,25.0,107.0,-41.0,85.66666666666667,79.33333333333333,-0.383177570093458,39.28,-3.3400000000000034,36.55666666666664,34.901666666666664,-0.08503054989816705,36.64,-13.260000000000002,27.25666666666667,24.425,-0.3618995633187774,35.94,28.330316481282594,0,0,0
21.0,78,41.01,33.39,2025-06-19 21:00:00,3.0,19.0,3.0,0,0,0,0,0,0.0,26.0,66.0,12.0,83.66666666666667,82.83333333333333,0.18181818181818188,35.94,5.07,38.74333333333331,36.29833333333333,0.14106844741235403,23.38,10.010000000000002,31.13666666666667,29.528333333333336,0.4281437125748504,41.01,36.8097817901911,1,0,0
22.0,82,27.08,18.98,2025-06-19 22:00:00,3.0,19.0,3.0,0,0,0,0,0,0.0,27.0,78.0,4.0,75.33333333333333,82.83333333333333,0.05128205128205132,41.01,-13.93,34.67666666666664,34.065,-0.33967325042672525,33.39,-14.41,25.250000000000004,26.688333333333333,-0.43156633722671456,27.08,22.317776371737377,0,0,0
23.0,85,24.09,30.99,2025-06-19 23:00:00,3.0,19.0,3.0,0,0,0,0,0,0.0,28.0,82.0,3.0,81.66666666666667,83.66666666666667,0.03658536585365857,27.08,-2.9899999999999984,30.72666666666664,33.641666666666666,-0.1104135893648448,18.98,12.009999999999998,27.786666666666672,27.521666666666665,0.6327713382507902,30.99,27.107810001673748,1,0,0
0.0,80,8.42,31.81,2025-06-20 00:00:00,4.0,20.0,3.0,0,0,0,0,0,0.0,10.0,85.0,-5.0,82.33333333333333,83.0,-0.05882352941176472,24.09,-15.67,19.86333333333331,29.30333333333333,-0.6504773765047738,30.99,0.8200000000000003,27.260000000000005,29.198333333333334,0.026460148434979125,31.81,13.315445903170621,0,0,0
1.0,67,23.21,27.59,2025-06-20 01:00:00,4.0,20.0,3.0,0,0,0,0,0,0.0,9.0,80.0,-13.0,77.33333333333333,76.33333333333333,-0.16249999999999998,8.42,14.790000000000001,18.57333333333331,26.625,1.0,31.81,-4.219999999999999,30.130000000000006,27.689999999999998,-0.13266268469034892,27.59,25.211176708441407,0,0,0
2.0,69,21.98,26.88,2025-06-20 02:00:00,4.0,20.0,3.0,0,0,0,0,0,0.0,8.0,67.0,2.0,72.0,76.83333333333333,0.029850746268656803,23.21,-1.2300000000000004,17.869999999999976,24.298333333333332,-0.05299439896596292,27.59,-0.7100000000000009,28.760000000000005,28.27333333333333,-0.025733961580282738,26.88,24.184297540231327,0,0,0
3.0,70,14.13,22.85,2025-06-20 03:00:00,4.0,20.0,3.0,0,0,0,0,0,0.0,7.0,69.0,1.0,68.66666666666667,75.5,0.01449275362318847,21.98,-7.85,19.77333333333331,19.818333333333335,-0.3571428571428571,26.88,-4.029999999999998,25.773333333333337,26.51666666666667,-0.14992559523809512,22.85,17.461897905302926,0,0,0
4.0,92,41.19,39.34,2025-06-20 04:00:00,4.0,20.0,3.0,0,0,0,0,0,0.0,6.0,70.0,22.0,77.0,77.16666666666667,0.3142857142857143,14.13,27.059999999999995,25.76666666666664,22.17,1.0,22.85,16.490000000000002,29.69000000000001,29.909999999999997,0.7216630196936542,41.19,40.24374968032101,1,0,0
5.0,83,38.31,24.55,2025-06-20 05:00:00,4.0,20.0,3.0,0,0,0,0,0,0.0,5.0,92.0,-9.0,81.66666666666667,76.83333333333333,-0.09782608695652173,41.19,-2.8799999999999955,31.209999999999976,24.540000000000003,-0.06991988346686073,39.34,-14.790000000000003,28.91333333333334,28.836666666666662,-0.37595322826639554,38.31,29.92397346605197,0,0,0
6.0,89,46.44,34.53,2025-06-20 06:00:00,4.0,20.0,3.0,0,0,0,0,0,0.0,4.0,83.0,6.0,88.0,78.33333333333333,0.07228915662650603,38.31,8.129999999999995,41.979999999999976,30.876666666666665,0.21221613155833974,24.55,9.98,32.80666666666667,29.290000000000003,0.4065173116089613,46.44,39.60906956145401,1,0,0
7.0,78,43.87,20.67,2025-06-20 07:00:00,4.0,20.0,3.0,0,0,0,0,0,0.0,3.0,89.0,-11.0,83.33333333333333,80.16666666666667,-0.1235955056179775,46.44,-2.5700000000000003,42.873333333333306,34.32,-0.055340223944875144,34.53,-13.86,26.58333333333334,28.136666666666667,-0.40139009556907035,43.87,28.100182427948837,0,0,0
8.0,77,34.98,32.54,2025-06-20 08:00:00,4.0,20.0,3.0,0,0,0,0,0,0.0,2.0,78.0,-1.0,81.33333333333333,81.5,-0.012820512820512775,43.87,-8.89,41.76333333333331,36.486666666666665,-0.20264417597447004,20.67,11.869999999999997,29.24666666666667,29.080000000000002,0.5742622157716495,34.98,33.71591185254871,0,0,0
9.0,77,21.22,30.13,2025-06-20 09:00:00,4.0,20.0,3.0,1,0,0,0,0,0.0,1.0,77.0,0.0,77.33333333333333,82.66666666666667,0.0,34.98,-13.759999999999998,33.35666666666664,37.66833333333333,-0.3933676386506575,32.54,-2.41,27.780000000000005,30.293333333333333,-0.0740626920712969,30.13,24.9019898169038,0,0,1
10.0,226,87.97,84.24,2025-06-20 10:00:00,4.0,20.0,3.0,1,1,1,0,0,0.9,0.0,77.0,149.0,126.66666666666667,105.0,1.0,21.22,66.75,48.05666666666664,45.464999999999996,1.0,30.13,54.11,48.970000000000006,37.77666666666667,1.0,87.97,86.06460435477264,1,1,1
11.0,226,100.0,78.31,2025-06-20 11:00:00,4.0,20.0,3.0,1,1,1,0,0,0.9,1.0,226.0,0.0,176.33333333333334,128.83333333333334,0.0,87.97,12.030000000000001,69.72999999999998,55.74666666666667,0.13675116516994423,84.24,-5.929999999999993,64.22666666666667,46.73666666666667,-0.07039411206077861,100.0,87.83579111751561,0,1,1
12.0,259,90.08,99.91,2025-06-20 12:00:00,4.0,20.0,3.0,1,1,1,0,0,0.9,0.0,226.0,33.0,237.0,157.16666666666666,0.14601769911504414,100.0,-9.920000000000002,92.68333333333332,63.02,-0.09920000000000007,78.31,21.599999999999994,87.48666666666668,57.63333333333333,0.27582684203805385,99.91,94.7406995487094,0,1,0
13.0,86,36.3,31.28,2025-06-20 13:00:00,4.0,20.0,3.0,1,0,0,0,0,0.0,1.0,259.0,-173.0,190.33333333333334,158.5,-0.667953667953668,90.08,-53.78,75.45999999999998,61.758333333333326,-0.5970248667850799,99.91,-68.63,69.83333333333333,59.401666666666664,-0.6869182264037634,36.3,33.60355087890573,0,0,1
14.0,205,86.49,66.89,2025-06-20 14:00:00,4.0,20.0,3.0,1,1,0,0,1,0.7,0.0,86.0,119.0,183.33333333333334,179.83333333333334,1.0,36.3,50.19,70.95666666666665,70.34333333333333,1.0,31.28,35.61,66.02666666666667,65.12666666666667,1.0,86.49,75.43768500822999,1,1,1
15.0,238,99.55,75.15,2025-06-20 15:00:00,4.0,20.0,3.0,1,1,0,0,1,0.7,1.0,205.0,33.0,176.33333333333334,206.66666666666666,0.16097560975609748,86.49,13.060000000000002,74.1133333333333,83.39833333333333,0.1510001156203029,66.89,8.260000000000005,57.77333333333334,72.63000000000001,0.12348632082523547,99.55,85.6460498932682,0,1,0
16.0,224,82.02,69.07,2025-06-20 16:00:00,4.0,20.0,3.0,1,1,0,0,1,0.7,0.0,238.0,-14.0,222.33333333333334,206.33333333333334,-0.05882352941176472,99.55,-17.53,89.35333333333331,82.40666666666665,-0.17609241587142144,75.15,-6.0800000000000125,70.37,70.10166666666667,-0.08090485695276128,82.02,74.99002400562563,0,0,0
17.0,98,43.01,35.27,2025-06-20 17:00:00,4.0,20.0,3.0,1,0,0,0,0,0.0,1.0,224.0,-126.0,186.66666666666666,185.0,-0.5625,82.02,-39.01,74.85999999999997,72.90833333333332,-0.47561570348695437,69.07,-33.79999999999999,59.83000000000001,62.928333333333335,-0.48935862168814237,43.01,38.757350066973046,0,0,1
18.0,196,94.88,63.6,2025-06-20 18:00:00,4.0,20.0,3.0,1,1,0,1,0,0.8,0.0,98.0,98.0,172.66666666666666,174.5,1.0,43.01,51.87,73.3033333333333,73.70833333333333,1.0,35.27,28.33,55.98,56.876666666666665,0.8032322086759285,94.88,76.15305354522303,1,1,1
19.0,246,96.07,83.39,2025-06-20 19:00:00,4.0,20.0,3.0,1,1,0,1,0,0.8,0.0,196.0,50.0,180.0,201.16666666666666,0.2551020408163265,94.88,1.1899999999999977,77.98666666666664,83.67,0.012542158516020141,63.6,19.79,60.75333333333334,65.56166666666667,0.3111635220125786,96.07,89.28203785087464,0,1,0
20.0,73,23.62,32.84,2025-06-20 20:00:00,4.0,20.0,3.0,0,0,0,0,0,0.0,1.0,246.0,-173.0,171.66666666666666,179.16666666666666,-0.7032520325203252,96.07,-72.44999999999999,71.5233333333333,73.19166666666666,-0.7541376079941708,83.39,-50.55,59.943333333333335,59.88666666666668,-0.6061877923012351,32.84,27.477179853397452,0,0,0
21.0,82,37.72,19.99,2025-06-20 21:00:00,4.0,20.0,3.0,0,0,0,0,0,0.0,2.0,73.0,9.0,133.66666666666666,153.16666666666666,0.12328767123287676,23.62,14.099999999999998,52.46999999999997,62.88666666666666,0.5969517358171039,32.84,-12.850000000000005,45.40666666666667,50.693333333333335,-0.39129110840438497,37.72,26.131443005866526,1,0,0
22.0,63,29.37,21.18,2025-06-20 22:00:00,4.0,20.0,3.0,0,0,0,0,0,0.0,3.0,82.0,-19.0,72.66666666666667,126.33333333333333,-0.23170731707317072,37.72,-8.349999999999998,30.236666666666647,54.11166666666667,-0.22136797454931068,19.99,1.1900000000000013,24.670000000000005,42.711666666666666,0.05952976488244133,29.37,24.611536644677813,0,0,0
23.0,78,13.29,31.93,2025-06-20 23:00:00,4.0,20.0,3.0,0,0,0,0,0,0.0,4.0,63.0,15.0,74.33333333333333,123.0,0.23809523809523814,29.37,-16.080000000000002,26.793333333333308,49.15833333333334,-0.5474974463738509,21.18,10.75,24.36666666666667,42.155,0.5075542965061379,31.93,18.768230500481415,0,0,0
0.0,88,42.08,33.68,2025-06-21 00:00:00,5.0,21.0,3.0,0,0,0,0,0,0.0,106.0,78.0,10.0,76.33333333333333,105.0,0.1282051282051282,13.29,28.79,28.24666666666664,40.35833333333333,1.0,31.93,1.75,28.930000000000007,37.16833333333333,0.05480739116818034,42.08,37.414318434341105,0,0,0
1.0,75,31.72,20.29,2025-06-21 01:00:00,5.0,21.0,3.0,0,0,0,0,0,0.0,105.0,88.0,-13.0,80.33333333333333,76.5,-0.1477272727272727,42.08,-10.36,29.029999999999973,29.633333333333336,-0.24619771863117867,33.68,-13.39,28.633333333333336,26.65166666666667,-0.3975653206650832,31.72,24.7490401317239,0,0,0
2.0,72,40.12,18.37,2025-06-21 02:00:00,5.0,21.0,3.0,0,0,0,0,0,0.0,104.0,75.0,-3.0,78.33333333333333,76.33333333333333,-0.040000000000000036,31.72,8.399999999999999,37.97333333333331,32.38333333333333,0.2648171500630516,20.29,-1.9199999999999982,24.11333333333334,24.24,-0.09462789551503192,40.12,25.201039097263827,0,0,0
3.0,91,27.68,28.26,2025-06-21 03:00:00,5.0,21.0,3.0,0,0,0,0,0,0.0,103.0,72.0,19.0,79.33333333333333,77.83333333333333,0.26388888888888884,40.12,-12.439999999999998,33.17333333333331,30.709999999999997,-0.31006979062811557,18.37,9.89,22.306666666666672,25.618333333333336,0.5383777898747959,28.26,27.96699274281386,0,0,0
4.0,84,24.9,23.46,2025-06-21 04:00:00,5.0,21.0,3.0,0,0,0,0,0,0.0,102.0,91.0,-7.0,82.33333333333333,81.33333333333333,-0.07692307692307687,27.68,-2.780000000000001,30.899999999999977,29.965,-0.10043352601156075,28.26,-4.800000000000001,23.36333333333334,25.998333333333335,-0.1698513800424628,24.9,24.158560335844495,0,0,0
5.0,79,28.63,28.26,2025-06-21 05:00:00,5.0,21.0,3.0,0,0,0,0,0,0.0,101.0,84.0,-5.0,84.66666666666667,81.5,-0.059523809523809534,24.9,3.7300000000000004,27.069999999999975,32.52166666666667,0.1497991967871486,23.46,4.800000000000001,26.660000000000007,25.38666666666667,0.20460358056265981,28.63,28.443796336020455,0,0,0
6.0,79,46.09,35.97,2025-06-21 06:00:00,5.0,21.0,3.0,0,0,0,0,0,0.0,100.0,79.0,0.0,80.66666666666667,80.0,0.0,28.63,17.460000000000004,33.20666666666664,33.190000000000005,0.6098498078938179,28.26,7.709999999999997,29.230000000000008,25.768333333333334,0.2728237791932058,46.09,40.40597808425569,0,0,0
7.0,87,26.16,35.31,2025-06-21 07:00:00,5.0,21.0,3.0,0,0,0,0,0,0.0,99.0,79.0,8.0,81.66666666666667,82.0,0.10126582278481022,46.09,-19.930000000000003,33.626666666666644,32.263333333333335,-0.43241484052939905,35.97,-0.6599999999999966,33.18000000000001,28.271666666666665,-0.0183486238532109,35.31,30.053996615357143,0,0,0
8.0,86,28.69,15.0,2025-06-21 08:00:00,5.0,21.0,3.0,0,0,0,0,0,0.0,98.0,87.0,-1.0,84.0,84.33333333333333,-0.011494252873563204,26.16,2.530000000000001,33.64666666666664,30.358333333333334,0.09671253822629966,35.31,-20.310000000000002,28.76000000000001,27.709999999999997,-0.5751911639762107,28.69,19.70015981459923,0,0,0
9.0,64,22.83,14.15,2025-06-21 09:00:00,5.0,21.0,3.0,1,0,0,0,0,0.0,97.0,86.0,-22.0,79.0,79.83333333333333,-0.2558139534883721,28.69,-5.860000000000003,25.893333333333306,29.55,-0.20425235273614506,15.0,-0.8499999999999996,21.486666666666675,25.358333333333334,-0.05666666666666664,22.83,17.47130839720637,0,0,0
10.0,89,39.83,25.99,2025-06-21 10:00:00,5.0,21.0,3.0,1,0,0,0,0,0.0,96.0,64.0,25.0,79.66666666666667,80.66666666666667,0.390625,22.83,17.0,30.449999999999974,32.038333333333334,0.7446342531756462,14.15,11.839999999999998,18.380000000000006,25.78,0.8367491166077736,39.83,31.454928145625527,1,0,0
11.0,73,21.3,28.92,2025-06-21 11:00:00,5.0,21.0,3.0,1,0,0,0,0,0.0,97.0,89.0,-16.0,75.33333333333333,79.66666666666667,-0.1797752808988764,39.83,-18.529999999999998,27.98666666666664,30.816666666666666,-0.465227215666583,25.99,2.9300000000000033,23.02000000000001,25.89,0.11273566756444797,28.92,24.531899192913205,0,0,0
12.0,75,46.18,25.02,2025-06-21 12:00:00,5.0,21.0,3.0,1,0,0,0,0,0.0,96.0,73.0,2.0,79.0,79.0,0.027397260273972712,21.3,24.88,35.769999999999975,30.831666666666667,1.0,28.92,-3.900000000000002,26.64333333333334,24.065,-0.13485477178423244,46.18,32.45571867337474,0,0,0
13.0,71,36.73,25.4,2025-06-21 13:00:00,5.0,21.0,3.0,1,0,0,0,0,0.0,97.0,75.0,-4.0,73.0,76.33333333333333,-0.053333333333333344,46.18,-9.450000000000003,34.73666666666664,32.593333333333334,-0.20463404071026425,25.02,0.379999999999999,26.446666666666673,22.41333333333333,0.0151878497202238,36.73,30.031932592436302,0,0,0
14.0,75,23.9,26.49,2025-06-21 14:00:00,5.0,21.0,3.0,1,0,0,0,0,0.0,96.0,71.0,4.0,73.66666666666667,74.5,0.05633802816901401,36.73,-12.829999999999998,35.6033333333333,31.794999999999998,-0.3493057446229241,25.4,1.0899999999999999,25.636666666666674,24.328333333333333,0.04291338582677162,26.49,25.128437723190356,0,0,0
15.0,81,20.21,26.97,2025-06-21 15:00:00,5.0,21.0,3.0,1,0,0,0,0,0.0,97.0,75.0,6.0,75.66666666666667,77.33333333333333,0.08000000000000007,23.9,-3.6899999999999977,26.94666666666664,31.35833333333333,-0.1543933054393305,26.49,0.4800000000000004,26.286666666666672,26.465,0.018120045300113352,26.97,23.105709599285515,0,0,0
16.0,79,27.44,26.13,2025-06-21 16:00:00,5.0,21.0,3.0,1,0,0,0,0,0.0,96.0,81.0,-2.0,78.33333333333333,75.66666666666667,-0.024691358024691357,20.21,7.23,23.84999999999997,29.293333333333333,0.35774369124195937,26.97,-0.8399999999999999,26.530000000000005,26.488333333333333,-0.031145717463848754,27.44,26.768982177170393,0,0,0
17.0,103,34.94,37.88,2025-06-21 17:00:00,5.0,21.0,3.0,1,0,0,0,0,0.0,97.0,79.0,24.0,87.66666666666667,80.66666666666667,0.30379746835443044,27.44,7.4999999999999964,27.529999999999973,31.566666666666663,0.27332361516034975,26.13,11.750000000000004,30.32666666666667,27.981666666666666,0.44967470340604687,37.88,36.35065044835691,1,0,0
18.0,86,26.6,33.47,2025-06-21 18:00:00,5.0,21.0,3.0,1,0,0,0,0,0.0,96.0,103.0,-17.0,89.33333333333333,82.5,-0.16504854368932043,34.94,-8.339999999999996,29.659999999999968,28.30333333333333,-0.23869490555237538,37.88,-4.410000000000004,32.49333333333334,29.389999999999997,-0.1164202745512144,33.47,29.64215036387298,0,0,0
19.0,92,26.14,30.23,2025-06-21 19:00:00,5.0,21.0,3.0,1,0,0,0,0,0.0,96.0,86.0,6.0,93.66666666666667,86.0,0.06976744186046502,26.6,-0.46000000000000085,29.22666666666664,26.53833333333333,-0.017293233082706805,33.47,-3.2399999999999984,33.86000000000001,30.195000000000004,-0.096803107260233,30.23,28.03662185494728,1,0,0
20.0,74,28.03,21.11,2025-06-21 20:00:00,5.0,21.0,3.0,0,0,0,0,0,0.0,97.0,92.0,-18.0,84.0,85.83333333333333,-0.19565217391304346,26.14,1.8900000000000006,26.923333333333307,27.226666666666663,0.07230298393267032,30.23,-9.120000000000001,28.270000000000007,29.298333333333332,-0.301687065828647,28.03,24.08275494337088,0,0,0
21.0,58,33.78,22.38,2025-06-21 21:00:00,5.0,21.0,3.0,0,0,0,0,0,0.0,98.0,74.0,-16.0,74.66666666666667,82.0,-0.21621621621621623,28.03,5.75,29.316666666666638,29.488333333333333,0.2051373528362468,21.11,1.2699999999999996,24.573333333333338,28.53333333333333,0.0601610611084793,33.78,26.92294827416403,0,0,0
22.0,68,16.19,17.13,2025-06-21 22:00:00,5.0,21.0,3.0,0,0,0,0,0,0.0,99.0,58.0,10.0,66.66666666666667,80.16666666666667,0.17241379310344818,33.78,-17.59,25.99999999999997,27.613333333333333,-0.5207223208999407,22.38,-5.25,20.206666666666667,27.033333333333335,-0.23458445040214482,17.13,16.646740256700472,0,0,0
23.0,82,45.9,36.16,2025-06-21 23:00:00,5.0,21.0,3.0,0,0,0,0,0,0.0,100.0,68.0,14.0,69.33333333333333,76.66666666666667,0.2058823529411764,16.19,29.709999999999997,31.95666666666664,29.44,1.0,17.13,19.029999999999998,25.223333333333333,26.746666666666666,1.0,45.9,40.45196151045623,1,0,0
0.0,85,32.01,23.79,2025-06-22 00:00:00,6.0,22.0,4.0,0,0,0,0,0,0.0,82.0,82.0,3.0,78.33333333333333,76.5,0.03658536585365857,45.9,-13.89,31.366666666666635,30.341666666666665,-0.30261437908496736,36.16,-12.369999999999997,25.69333333333334,25.13333333333333,-0.3420907079646017,32.01,27.294547933789463,0,0,0
1.0,88,44.33,27.35,2025-06-22 01:00:00,6.0,22.0,4.0,0,0,0,0,0,0.0,81.0,85.0,3.0,85.0,75.83333333333333,0.03529411764705892,32.01,12.32,40.74666666666664,33.373333333333335,0.3848797250859106,23.79,3.5600000000000023,29.100000000000005,24.653333333333332,0.14964270701975635,44.33,33.82883605149504,1,0,0
2.0,73,29.11,16.81,2025-06-22 02:00:00,6.0,22.0,4.0,0,0,0,0,0,0.0,80.0,88.0,-15.0,82.0,75.66666666666667,-0.17045454545454541,44.33,-15.219999999999999,35.14999999999997,33.553333333333335,-0.3433340852695691,27.35,-10.540000000000003,22.650000000000006,23.936666666666664,-0.38537477148080446,29.11,21.31267815085631,0,0,0
3.0,84,25.57,21.91,2025-06-22 03:00:00,6.0,22.0,4.0,0,0,0,0,0,0.0,79.0,73.0,11.0,81.66666666666667,80.0,0.15068493150684925,29.11,-3.539999999999999,33.00333333333331,32.185,-0.12160769495018886,16.81,5.100000000000001,22.02333333333334,23.85833333333333,0.3033908387864368,25.57,23.598933833215376,1,0,0
4.0,63,19.15,21.48,2025-06-22 04:00:00,6.0,22.0,4.0,0,0,0,0,0,0.0,78.0,84.0,-21.0,73.33333333333333,79.16666666666667,-0.25,25.57,-6.420000000000002,24.60999999999997,32.678333333333335,-0.25107547907704353,21.91,-0.4299999999999997,20.066666666666674,24.583333333333332,-0.019625741670470043,21.48,20.248190542746975,0,0,0
5.0,75,37.17,3.66,2025-06-22 05:00:00,6.0,22.0,4.0,0,0,0,0,0,0.0,77.0,63.0,12.0,74.0,78.0,0.19047619047619047,19.15,18.020000000000003,27.29666666666664,31.223333333333333,0.940992167101828,21.48,-17.82,15.683333333333337,19.166666666666668,-0.8296089385474861,37.17,6.663835300910232,0,0,0
6.0,73,29.37,8.78,2025-06-22 06:00:00,6.0,22.0,4.0,0,0,0,0,0,0.0,76.0,75.0,-2.0,70.33333333333333,76.0,-0.026666666666666616,37.17,-7.800000000000001,28.563333333333304,30.783333333333335,-0.2098466505246166,3.66,5.119999999999999,11.306666666666672,16.665000000000003,1.0,29.37,13.518668112223642,0,0,0
7.0,76,30.29,35.83,2025-06-22 07:00:00,6.0,22.0,4.0,0,0,0,0,0,0.0,75.0,73.0,3.0,74.66666666666667,74.0,0.041095890410958846,29.37,0.9199999999999982,32.276666666666635,28.44333333333333,0.031324480762682905,8.78,27.049999999999997,16.090000000000003,18.078333333333333,1.0,35.83,32.82790939461722,1,0,0
8.0,82,26.52,26.89,2025-06-22 08:00:00,6.0,22.0,4.0,0,0,0,0,0,0.0,74.0,76.0,6.0,77.0,75.5,0.07894736842105265,30.29,-3.7699999999999996,28.72666666666664,28.011666666666667,-0.12446351931330468,35.83,-8.939999999999998,23.83333333333334,19.758333333333333,-0.24951158247278815,26.89,26.70371794226329,0,0,0
9.0,62,10.72,9.58,2025-06-22 09:00:00,6.0,22.0,4.0,1,0,0,0,0,0.0,73.0,82.0,-20.0,73.33333333333333,71.83333333333333,-0.24390243902439024,26.52,-15.799999999999999,22.509999999999973,25.536666666666672,-0.5957767722473605,26.89,-17.310000000000002,24.100000000000005,17.703333333333333,-0.6437337300111565,10.72,10.117989747882278,0,0,0
10.0,82,33.0,33.93,2025-06-22 10:00:00,6.0,22.0,4.0,1,0,0,0,0,0.0,72.0,62.0,20.0,75.33333333333333,75.0,0.32258064516129026,10.72,22.28,23.41333333333331,27.845,1.0,9.58,24.35,23.46666666666667,19.778333333333332,1.0,33.93,33.4585383018297,1,0,0
11.0,92,34.78,22.8,2025-06-22 11:00:00,6.0,22.0,4.0,1,0,0,0,0,0.0,73.0,82.0,10.0,78.66666666666667,77.83333333333333,0.12195121951219523,33.0,1.7800000000000011,26.16666666666664,27.44666666666667,0.053939393939393954,33.93,-11.129999999999999,22.10333333333334,22.968333333333334,-0.32802829354553487,34.78,27.543730018344394,0,0,0
12.0,80,45.79,27.16,2025-06-22 12:00:00,6.0,22.0,4.0,1,0,0,0,0,0.0,72.0,92.0,-12.0,84.66666666666667,79.0,-0.13043478260869568,34.78,11.009999999999998,37.856666666666634,30.183333333333334,0.31656124209315695,22.8,4.359999999999999,27.96333333333334,26.031666666666666,0.19122807017543852,45.79,34.09613115700986,0,0,0
13.0,87,52.71,24.3,2025-06-22 13:00:00,6.0,22.0,4.0,1,0,0,0,0,0.0,73.0,80.0,7.0,86.33333333333333,80.83333333333333,0.08749999999999991,45.79,6.920000000000002,44.42666666666664,33.919999999999995,0.15112469971609532,27.16,-2.8599999999999994,24.75333333333334,24.11,-0.10530191458026505,52.71,33.264588608432824,0,0,0
14.0,85,26.85,24.74,2025-06-22 14:00:00,6.0,22.0,4.0,1,0,0,0,0,0.0,72.0,87.0,-2.0,84.0,81.33333333333333,-0.02298850574712641,52.71,-25.86,41.7833333333333,33.975,-0.4906089926010244,24.3,0.4399999999999977,25.400000000000006,23.751666666666665,0.01810699588477349,26.85,25.75185067354428,0,0,0
15.0,81,26.16,26.66,2025-06-22 15:00:00,6.0,22.0,4.0,1,0,0,0,0,0.0,73.0,85.0,-4.0,84.33333333333333,84.5,-0.04705882352941182,26.85,-0.6900000000000013,35.239999999999974,36.54833333333333,-0.025698324022346397,24.74,1.9200000000000017,25.233333333333338,26.59833333333333,0.07760711398544884,26.66,26.407633010078893,0,0,0
16.0,77,32.44,29.34,2025-06-22 16:00:00,6.0,22.0,4.0,1,0,0,0,0,0.0,72.0,81.0,-4.0,81.0,83.66666666666667,-0.04938271604938271,26.16,6.279999999999998,28.483333333333306,36.455000000000005,0.24006116207951056,26.66,2.6799999999999997,26.913333333333338,25.833333333333332,0.10052513128282059,32.44,30.812223554350542,0,0,0
17.0,93,40.99,36.96,2025-06-22 17:00:00,6.0,22.0,4.0,1,0,0,0,0,0.0,73.0,77.0,16.0,83.66666666666667,83.83333333333333,0.20779220779220786,32.44,8.550000000000004,33.19666666666664,37.49,0.26356350184956856,29.34,7.620000000000001,30.986666666666668,28.19333333333333,0.25971370143149297,40.99,38.87082441474248,1,0,0
18.0,56,29.88,8.51,2025-06-22 18:00:00,6.0,22.0,4.0,1,0,0,0,0,0.0,72.0,93.0,-37.0,75.33333333333333,79.83333333333333,-0.3978494623655914,40.99,-11.110000000000003,34.43666666666664,34.83833333333333,-0.2710417174920713,36.96,-28.450000000000003,24.93666666666667,25.084999999999997,-0.7697510822510822,29.88,13.247136982361631,0,0,0
19.0,101,41.61,43.24,2025-06-22 19:00:00,6.0,22.0,4.0,1,0,0,0,0,0.0,72.0,56.0,45.0,83.33333333333333,82.16666666666667,0.8035714285714286,29.88,11.73,37.493333333333304,32.98833333333334,0.392570281124498,8.51,34.730000000000004,29.570000000000004,28.241666666666664,1.0,43.24,42.40934307119219,1,0,0
20.0,88,56.86,40.5,2025-06-22 20:00:00,6.0,22.0,4.0,0,0,0,0,0,0.0,73.0,101.0,-13.0,81.66666666666667,82.66666666666667,-0.12871287128712872,41.61,15.25,42.7833333333333,37.99,0.36649843787551073,43.24,-2.740000000000002,30.750000000000004,30.86833333333333,-0.06336725254394082,56.86,47.305463791028515,0,0,0
21.0,80,27.99,24.59,2025-06-22 21:00:00,6.0,22.0,4.0,0,0,0,0,0,0.0,74.0,88.0,-8.0,89.66666666666667,82.5,-0.09090909090909094,56.86,-28.87,42.1533333333333,38.295,-0.5077383046078087,40.5,-15.91,36.11000000000001,30.52333333333333,-0.39283950617283947,27.99,26.180071810953372,0,0,0
22.0,92,46.86,27.49,2025-06-22 22:00:00,6.0,22.0,4.0,0,0,0,0,0,0.0,75.0,80.0,12.0,86.66666666666667,85.0,0.1499999999999999,27.99,18.87,43.90333333333331,40.69833333333333,0.6741693461950697,24.59,2.8999999999999986,30.860000000000003,30.215,0.11793411956079702,46.86,34.65181933218804,1,0,0
23.0,75,40.89,27.0,2025-06-22 23:00:00,6.0,22.0,4.0,0,0,0,0,0,0.0,76.0,92.0,-17.0,82.33333333333333,82.0,-0.18478260869565222,46.86,-5.969999999999999,38.57999999999997,40.681666666666665,-0.12740076824583868,27.49,-0.48999999999999844,26.360000000000003,28.554999999999996,-0.017824663514005024,40.89,32.52408262595254,0,0,0
0.0,85,42.09,26.05,2025-06-23 00:00:00,0.0,23.0,4.0,0,0,0,0,0,0.0,58.0,75.0,10.0,84.0,86.83333333333333,0.1333333333333333,40.89,1.2000000000000028,43.27999999999997,42.71666666666667,0.029347028613353032,27.0,-0.9499999999999993,26.846666666666668,31.478333333333335,-0.03518518518518521,42.09,32.182109918078815,0,0,0
1.0,64,12.38,27.54,2025-06-23 01:00:00,0.0,23.0,4.0,0,0,0,0,0,0.0,57.0,85.0,-21.0,74.66666666666667,80.66666666666667,-0.24705882352941178,42.09,-29.71,31.786666666666637,37.845,-0.7058683772867664,26.05,1.4899999999999984,26.86333333333334,28.861666666666665,0.057197696737044,27.54,17.08142246790024,0,0,0
2.0,82,24.29,34.98,2025-06-23 02:00:00,0.0,23.0,4.0,0,0,0,0,0,0.0,56.0,64.0,18.0,77.0,79.66666666666667,0.28125,12.38,11.909999999999998,26.253333333333305,32.416666666666664,0.9620355411954764,27.54,7.439999999999998,29.523333333333337,27.941666666666666,0.27015250544662295,34.98,28.67096968667168,1,0,0
3.0,79,19.53,36.52,2025-06-23 03:00:00,0.0,23.0,4.0,0,0,0,0,0,0.0,55.0,82.0,-3.0,75.0,79.5,-0.03658536585365857,24.29,-4.759999999999998,18.733333333333306,31.006666666666664,-0.19596541786743504,34.98,1.5400000000000063,33.01333333333334,29.930000000000003,0.044025157232704615,36.52,25.44997638804681,0,0,0
4.0,73,27.7,34.37,2025-06-23 04:00:00,0.0,23.0,4.0,0,0,0,0,0,0.0,54.0,79.0,-6.0,78.0,76.33333333333333,-0.07594936708860756,19.53,8.169999999999998,23.83999999999997,27.813333333333333,0.41833077316948275,36.52,-2.1500000000000057,35.29,31.076666666666664,-0.058871851040525836,34.37,30.6766227053871,0,0,0
5.0,70,25.21,35.15,2025-06-23 05:00:00,0.0,23.0,4.0,0,0,0,0,0,0.0,53.0,73.0,-3.0,74.0,75.5,-0.04109589041095896,27.7,-2.4899999999999984,24.146666666666636,25.200000000000003,-0.08989169675090247,34.37,0.7800000000000011,35.34666666666667,32.434999999999995,0.022694210066918963,35.15,29.361546929066485,0,0,0
6.0,72,44.64,19.54,2025-06-23 06:00:00,0.0,23.0,4.0,0,0,0,0,0,0.0,52.0,70.0,2.0,71.66666666666667,73.33333333333333,0.02857142857142847,25.21,19.43,32.51666666666664,25.625,0.7707259024196746,35.15,-15.61,29.686666666666667,31.349999999999994,-0.44409672830725466,44.64,27.181850651576024,0,0,0
7.0,86,35.95,38.49,2025-06-23 07:00:00,0.0,23.0,4.0,0,0,0,0,0,0.0,51.0,72.0,14.0,76.0,77.0,0.19444444444444442,44.64,-8.689999999999998,35.26666666666664,29.55333333333333,-0.19466845878136196,19.54,18.950000000000003,31.060000000000002,33.175,0.9698055271238486,38.49,37.17666529854024,0,0,0
8.0,85,37.35,21.88,2025-06-23 08:00:00,0.0,23.0,4.0,0,0,0,0,0,0.0,50.0,86.0,-1.0,81.0,77.5,-0.011627906976744207,35.95,1.3999999999999986,39.313333333333304,31.73,0.03894297635605004,38.49,-16.610000000000003,26.63666666666667,30.991666666666664,-0.43154065991166546,37.35,27.5947319669976,0,0,0
9.0,85,38.96,29.4,2025-06-23 09:00:00,0.0,23.0,4.0,1,0,0,0,0,0.0,49.0,85.0,0.0,85.33333333333333,78.5,0.0,37.35,1.6099999999999994,37.41999999999997,34.968333333333334,0.043105756358768454,21.88,7.52,29.923333333333336,29.804999999999996,0.34369287020109685,38.96,33.511526747929686,0,0,0
10.0,74,39.81,24.38,2025-06-23 10:00:00,0.0,23.0,4.0,1,0,0,0,0,0.0,48.0,85.0,-11.0,81.33333333333333,78.66666666666667,-0.12941176470588234,38.96,0.8500000000000014,38.70666666666664,36.98666666666667,0.021817248459959027,29.4,-5.02,25.220000000000002,28.139999999999997,-0.1707482993197279,39.81,30.240466922566338,0,0,0
11.0,83,29.65,31.99,2025-06-23 11:00:00,0.0,23.0,4.0,1,0,0,0,0,0.0,49.0,74.0,9.0,80.66666666666667,80.83333333333333,0.12162162162162171,39.81,-10.160000000000004,36.13999999999998,37.72666666666667,-0.25521225822657634,24.38,7.609999999999999,28.590000000000003,27.613333333333333,0.31214109926169,31.99,30.775583569507077,0,0,0
12.0,86,28.38,31.77,2025-06-23 12:00:00,0.0,23.0,4.0,1,0,0,0,0,0.0,48.0,83.0,3.0,81.0,83.16666666666667,0.03614457831325302,29.65,-1.2699999999999996,32.61333333333331,35.016666666666666,-0.04283305227655987,31.99,-0.21999999999999886,29.380000000000006,29.65166666666666,-0.006877149109096536,31.77,29.97947085653415,0,0,0
13.0,85,14.17,36.17,2025-06-23 13:00:00,0.0,23.0,4.0,1,0,0,0,0,0.0,49.0,86.0,-1.0,84.66666666666667,83.0,-0.011627906976744207,28.38,-14.209999999999999,24.066666666666638,31.386666666666667,-0.5007047216349542,31.77,4.400000000000002,33.31,29.265,0.138495435945861,36.17,20.362689345198863,0,0,0
14.0,70,36.43,18.14,2025-06-23 14:00:00,0.0,23.0,4.0,1,0,0,0,0,0.0,48.0,85.0,-15.0,80.33333333333333,80.5,-0.17647058823529416,14.17,22.259999999999998,26.326666666666636,31.23333333333333,1.0,36.17,-18.03,28.69333333333334,28.64166666666667,-0.49847940282001657,36.43,24.219907967383033,0,0,0
15.0,85,30.03,33.96,2025-06-23 15:00:00,0.0,23.0,4.0,1,0,0,0,0,0.0,49.0,70.0,15.0,80.0,80.5,0.2142857142857142,36.43,-6.399999999999999,26.876666666666637,29.745000000000005,-0.1756793851221521,18.14,15.82,29.423333333333336,29.401666666666667,0.8721058434399118,33.96,31.874317395306807,0,0,0
16.0,81,27.01,28.91,2025-06-23 16:00:00,0.0,23.0,4.0,1,0,0,0,0,0.0,48.0,85.0,-4.0,78.66666666666667,81.66666666666667,-0.04705882352941182,30.03,-3.0199999999999996,31.156666666666638,27.611666666666668,-0.1005661005661006,33.96,-5.050000000000001,27.00333333333334,30.156666666666666,-0.14870435806831572,28.91,27.92772128169311,0,0,0
17.0,81,23.82,34.32,2025-06-23 17:00:00,0.0,23.0,4.0,1,0,0,0,0,0.0,49.0,81.0,0.0,82.33333333333333,81.33333333333333,0.0,27.01,-3.1900000000000013,26.953333333333305,26.64,-0.11810440577563874,28.91,5.41,32.39666666666667,30.544999999999998,0.1871324801106884,34.32,28.12185713584697,0,0,0
18.0,82,24.48,38.99,2025-06-23 18:00:00,0.0,23.0,4.0,1,0,0,0,0,0.0,48.0,81.0,1.0,81.33333333333333,80.66666666666667,0.012345679012345734,23.82,0.6600000000000001,25.103333333333307,25.99,0.027707808564231717,34.32,4.670000000000002,34.07333333333334,31.748333333333335,0.1360722610722611,38.99,30.076419913716407,0,0,0
19.0,92,36.85,33.8,2025-06-23 19:00:00,0.0,23.0,4.0,1,0,0,0,0,0.0,48.0,82.0,10.0,85.0,81.83333333333333,0.12195121951219523,24.48,12.370000000000001,28.383333333333308,29.77,0.5053104575163399,38.99,-5.190000000000005,35.70333333333334,31.353333333333335,-0.1331110541164402,36.85,35.25916442662188,0,0,0
20.0,70,12.19,29.5,2025-06-23 20:00:00,0.0,23.0,4.0,0,0,0,0,0,0.0,49.0,92.0,-22.0,81.33333333333333,81.83333333333333,-0.23913043478260865,36.85,-24.660000000000004,24.506666666666643,25.73,-0.6691994572591589,33.8,-4.299999999999997,34.09666666666667,33.24666666666667,-0.12721893491124248,29.5,17.251378861804298,0,0,0
21.0,61,14.31,21.62,2025-06-23 21:00:00,0.0,23.0,4.0,0,0,0,0,0,0.0,50.0,70.0,-9.0,74.33333333333333,77.83333333333333,-0.12857142857142856,12.19,2.120000000000001,21.11666666666664,23.11,0.17391304347826098,29.5,-7.879999999999999,28.30666666666667,31.19,-0.2671186440677966,21.62,17.221385604748523,0,0,0
22.0,70,31.29,20.88,2025-06-23 22:00:00,0.0,23.0,4.0,0,0,0,0,0,0.0,51.0,61.0,9.0,67.0,76.0,0.14754098360655732,14.31,16.979999999999997,19.263333333333303,23.823333333333334,1.0,21.62,-0.740000000000002,24.0,29.85166666666667,-0.03422756706753016,31.29,25.046394037830286,1,0,0
23.0,84,47.72,19.76,2025-06-23 23:00:00,0.0,23.0,4.0,0,0,0,0,0,0.0,52.0,70.0,14.0,71.66666666666667,76.5,0.19999999999999996,31.29,16.43,31.106666666666637,27.80666666666667,0.5250878875039948,20.88,-1.1199999999999974,20.753333333333334,27.425,-0.05363984674329492,47.72,27.9474566397828,0,0,0
0.0,75,23.48,19.3,2025-06-24 00:00:00,1.0,24.0,4.0,0,0,0,0,0,0.0,34.0,84.0,-9.0,76.33333333333333,75.33333333333333,-0.1071428571428571,47.72,-24.24,34.163333333333306,27.64,-0.5079631181894384,19.76,-0.46000000000000085,19.98,24.143333333333334,-0.02327935222672073,23.48,21.185787302810024,0,0,0
1.0,77,45.92,17.3,2025-06-24 01:00:00,1.0,24.0,4.0,0,0,0,0,0,0.0,33.0,75.0,2.0,78.66666666666667,72.83333333333333,0.026666666666666616,23.48,22.44,39.03999999999997,29.151666666666667,0.9557069846678024,19.3,-2.0,18.786666666666672,21.39333333333333,-0.10362694300518138,45.92,25.131793370265846,0,0,0
2.0,75,31.36,25.63,2025-06-24 02:00:00,1.0,24.0,4.0,0,0,0,0,0,0.0,32.0,77.0,-2.0,75.66666666666667,73.66666666666667,-0.025974025974025983,45.92,-14.560000000000002,33.58666666666664,32.346666666666664,-0.3170731707317074,17.3,8.329999999999998,20.743333333333336,20.74833333333333,0.4815028901734102,31.36,28.206941108844696,0,0,0
3.0,78,25.71,28.6,2025-06-24 03:00:00,1.0,24.0,4.0,0,0,0,0,0,0.0,31.0,75.0,3.0,76.66666666666667,76.5,0.040000000000000036,31.36,-5.649999999999999,34.32999999999998,34.24666666666666,-0.18016581632653061,25.63,2.9700000000000024,23.843333333333334,21.911666666666665,0.11587982832618038,28.6,27.078106700826613,0,0,0
4.0,80,16.41,34.21,2025-06-24 04:00:00,1.0,24.0,4.0,0,0,0,0,0,0.0,30.0,78.0,2.0,77.66666666666667,78.16666666666667,0.02564102564102555,25.71,-9.3,24.493333333333307,31.766666666666666,-0.36172695449241543,28.6,5.609999999999999,29.480000000000004,24.133333333333336,0.19615384615384612,34.21,22.180406555108526,0,0,0
5.0,95,24.42,50.39,2025-06-24 05:00:00,1.0,24.0,4.0,0,0,0,0,0,0.0,29.0,80.0,15.0,84.33333333333333,80.0,0.1875,16.41,8.010000000000002,22.179999999999975,27.883333333333336,0.48811700182815376,34.21,16.18,37.73333333333334,29.238333333333333,0.4729611224788073,50.39,32.897307433534195,1,0,0
6.0,90,39.19,43.14,2025-06-24 06:00:00,1.0,24.0,4.0,0,0,0,0,0,0.0,28.0,95.0,-5.0,88.33333333333333,82.5,-0.052631578947368474,24.42,14.769999999999996,26.673333333333307,30.50166666666667,0.6048321048321046,50.39,-7.25,42.580000000000005,33.211666666666666,-0.1438777535225243,43.14,41.07024366488226,0,0,0
7.0,72,12.36,9.73,2025-06-24 07:00:00,1.0,24.0,4.0,0,0,0,0,0,0.0,27.0,90.0,-18.0,85.66666666666667,81.66666666666667,-0.19999999999999996,39.19,-26.83,25.323333333333306,24.90833333333333,-0.6846134217912733,43.14,-33.41,34.42,31.950000000000003,-0.7744552619378766,12.36,10.888437804959809,0,0,0
8.0,81,33.14,18.49,2025-06-24 08:00:00,1.0,24.0,4.0,0,0,0,0,0,0.0,26.0,72.0,9.0,81.0,82.66666666666667,0.125,12.36,20.78,28.229999999999972,25.205000000000002,1.0,9.73,8.759999999999998,23.786666666666672,30.76,0.9003083247687562,33.14,23.736532602430128,1,0,0
9.0,82,28.76,35.18,2025-06-24 09:00:00,1.0,24.0,4.0,1,0,0,0,0,0.0,25.0,81.0,1.0,78.33333333333333,83.33333333333333,0.012345679012345734,33.14,-4.379999999999999,24.753333333333305,25.713333333333335,-0.13216656608328303,18.49,16.69,21.133333333333336,31.856666666666666,0.9026500811249325,35.18,31.647694250114263,0,0,0
10.0,82,41.63,23.38,2025-06-24 10:00:00,1.0,24.0,4.0,1,0,0,0,0,0.0,24.0,82.0,0.0,81.66666666666667,83.66666666666667,0.0,28.76,12.870000000000001,34.50999999999998,29.916666666666668,0.4474965229485397,35.18,-11.8,25.683333333333334,30.051666666666666,-0.33541785105173394,41.63,29.94337443557338,0,0,0
11.0,86,46.12,23.53,2025-06-24 11:00:00,1.0,24.0,4.0,1,0,0,0,0,0.0,25.0,82.0,4.0,83.33333333333333,82.16666666666667,0.04878048780487809,41.63,4.489999999999995,38.836666666666645,33.53333333333334,0.10785491232284405,23.38,0.15000000000000213,27.363333333333333,25.575,0.006415739948674171,46.12,31.161624850515082,0,0,0
12.0,67,22.73,15.84,2025-06-24 12:00:00,1.0,24.0,4.0,1,0,0,0,0,0.0,24.0,86.0,-19.0,78.33333333333333,78.33333333333333,-0.22093023255813948,46.12,-23.389999999999997,36.82666666666664,30.789999999999996,-0.5071552471812661,23.53,-7.690000000000001,20.916666666666668,21.025000000000002,-0.3268168295792605,22.73,18.669597701073435,0,0,0
13.0,83,32.63,12.79,2025-06-24 13:00:00,1.0,24.0,4.0,1,0,0,0,0,0.0,25.0,67.0,16.0,78.66666666666667,80.16666666666667,0.23880597014925375,22.73,9.900000000000002,33.82666666666665,34.16833333333333,0.4355477342718874,15.84,-3.0500000000000007,17.386666666666667,21.534999999999997,-0.19255050505050508,32.63,18.37682482657805,1,0,0
14.0,74,28.61,20.65,2025-06-24 14:00:00,1.0,24.0,4.0,1,0,0,0,0,0.0,24.0,83.0,-9.0,74.66666666666667,79.0,-0.10843373493975905,32.63,-4.020000000000003,27.98999999999998,33.413333333333334,-0.12319950965369297,12.79,7.859999999999999,16.426666666666666,21.895,0.6145426114151682,28.61,23.98686516470026,0,0,0
15.0,91,27.84,27.86,2025-06-24 15:00:00,1.0,24.0,4.0,1,0,0,0,0,0.0,25.0,74.0,17.0,82.66666666666667,80.5,0.22972972972972983,28.61,-0.7699999999999996,29.69333333333331,33.26,-0.026913666550157256,20.65,7.210000000000001,20.433333333333334,20.674999999999997,0.3491525423728814,27.86,27.84999594524244,0,0,0
16.0,75,27.76,26.01,2025-06-24 16:00:00,1.0,24.0,4.0,1,0,0,0,0,0.0,24.0,91.0,-16.0,80.0,79.33333333333333,-0.17582417582417587,27.84,-0.0799999999999983,28.06999999999998,30.948333333333334,-0.002873563218390718,27.86,-1.8499999999999979,24.840000000000003,21.113333333333333,-0.06640344580043067,27.76,26.856521762013735,0,0,0
17.0,84,51.0,50.02,2025-06-24 17:00:00,1.0,24.0,4.0,1,0,0,0,0,0.0,25.0,75.0,9.0,83.33333333333333,79.0,0.1200000000000001,27.76,23.24,35.53333333333331,31.761666666666667,0.8371757925072045,26.01,24.01,34.63,25.528333333333336,0.9231064975009611,51.0,50.5052460056895,1,0,0
18.0,72,19.65,15.17,2025-06-24 18:00:00,1.0,24.0,4.0,1,0,0,0,0,0.0,24.0,84.0,-12.0,77.0,79.83333333333333,-0.1428571428571429,51.0,-31.35,32.80333333333331,31.248333333333335,-0.6147058823529412,50.02,-34.85,30.400000000000002,25.416666666666668,-0.6967213114754098,19.65,17.121797383061534,0,0,0
19.0,79,27.93,31.87,2025-06-24 19:00:00,1.0,24.0,4.0,1,0,0,0,0,0.0,24.0,72.0,7.0,78.33333333333333,79.16666666666667,0.09722222222222232,19.65,8.280000000000001,32.85999999999998,30.465000000000003,0.4213740458015267,15.17,16.700000000000003,32.35333333333333,28.596666666666668,1.0,31.87,29.770203548993255,1,0,0
20.0,77,25.51,25.48,2025-06-24 20:00:00,1.0,24.0,4.0,0,0,0,0,0,0.0,25.0,79.0,-2.0,76.0,79.66666666666667,-0.025316455696202556,27.93,-2.419999999999998,24.363333333333312,29.948333333333334,-0.08664518438954527,31.87,-6.390000000000001,24.173333333333336,29.401666666666667,-0.2005020395356134,25.51,25.494990713963706,0,0,0
21.0,74,36.42,25.75,2025-06-24 21:00:00,1.0,24.0,4.0,0,0,0,0,0,0.0,26.0,77.0,-3.0,76.66666666666667,76.83333333333333,-0.038961038961038974,25.51,10.91,29.95333333333331,31.37833333333333,0.4276754214033711,25.48,0.2699999999999996,27.700000000000003,29.05,0.010596546310831956,36.42,30.169373843182022,0,0,0
22.0,82,51.02,21.99,2025-06-24 22:00:00,1.0,24.0,4.0,0,0,0,0,0,0.0,27.0,74.0,8.0,77.66666666666667,78.0,0.10810810810810811,36.42,14.600000000000001,37.64999999999998,35.255,0.40087863811092816,25.75,-3.7600000000000016,24.406666666666666,28.38,-0.14601941747572822,51.02,30.733592264982985,0,0,0
23.0,87,32.05,26.44,2025-06-24 23:00:00,1.0,24.0,4.0,0,0,0,0,0,0.0,28.0,82.0,5.0,81.0,78.5,0.060975609756097615,51.02,-18.970000000000006,39.82999999999998,32.09666666666667,-0.3718149745197963,21.99,4.450000000000003,24.72666666666667,24.45,0.20236471123237854,32.05,28.975961241648807,0,0,0
0.0,87,38.65,28.25,2025-06-25 00:00:00,2.0,25.0,4.0,0,0,0,0,0,0.0,10.0,87.0,0.0,85.33333333333333,81.0,0.0,32.05,6.600000000000001,40.57333333333331,35.26333333333333,0.20592823712948527,26.44,1.8099999999999987,25.560000000000002,26.63,0.06845688350983359,38.65,32.64162883943754,0,0,0
1.0,80,45.09,34.0,2025-06-25 01:00:00,2.0,25.0,4.0,0,0,0,0,0,0.0,9.0,87.0,-7.0,84.66666666666667,81.16666666666667,-0.08045977011494254,38.65,6.440000000000005,38.59666666666664,38.123333333333335,0.16662354463130669,28.25,5.75,29.563333333333336,26.985000000000003,0.20353982300884965,45.09,38.767479621096484,0,0,0
2.0,78,39.38,26.74,2025-06-25 02:00:00,2.0,25.0,4.0,0,0,0,0,0,0.0,8.0,80.0,-2.0,81.66666666666667,81.33333333333333,-0.025000000000000022,45.09,-5.710000000000001,41.03999999999997,40.435,-0.12663561765358178,34.0,-7.260000000000002,29.663333333333338,27.194999999999997,-0.21352941176470597,39.38,31.851820480160004,0,0,0
3.0,70,30.38,23.86,2025-06-25 03:00:00,2.0,25.0,4.0,0,0,0,0,0,0.0,7.0,78.0,-8.0,76.0,80.66666666666667,-0.10256410256410253,39.38,-9.000000000000004,38.28333333333331,39.428333333333335,-0.22854240731335707,26.74,-2.879999999999999,28.200000000000003,26.88,-0.10770381451009725,30.38,26.728126387755786,0,0,0
4.0,80,31.54,21.53,2025-06-25 04:00:00,2.0,25.0,4.0,0,0,0,0,0,0.0,6.0,70.0,10.0,76.0,80.33333333333333,0.1428571428571428,30.38,1.1600000000000001,33.766666666666644,36.181666666666665,0.038183015141540544,23.86,-2.3299999999999983,24.043333333333337,26.803333333333338,-0.09765297569153386,31.54,25.59096243469074,1,0,0
5.0,81,16.57,28.82,2025-06-25 05:00:00,2.0,25.0,4.0,0,0,0,0,0,0.0,5.0,80.0,1.0,77.0,79.33333333333333,0.012499999999999956,31.54,-14.969999999999999,26.16333333333331,33.60166666666667,-0.4746353836398224,21.53,7.289999999999999,24.736666666666675,27.200000000000003,0.3385973060845331,28.82,21.04196477105167,0,0,0
6.0,73,26.05,21.58,2025-06-25 06:00:00,2.0,25.0,4.0,0,0,0,0,0,0.0,4.0,81.0,-8.0,78.0,77.0,-0.09876543209876543,16.57,9.48,24.71999999999998,31.501666666666665,0.5721182860591429,28.82,-7.240000000000002,23.976666666666674,26.088333333333335,-0.25121443442054137,26.05,23.60524833917178,0,0,0
7.0,72,38.25,14.05,2025-06-25 07:00:00,2.0,25.0,4.0,0,0,0,0,0,0.0,3.0,73.0,-1.0,75.33333333333333,75.66666666666667,-0.013698630136986356,26.05,12.2,26.95666666666664,30.361666666666668,0.46833013435700566,21.58,-7.529999999999998,21.483333333333338,22.763333333333332,-0.3489341983317886,38.25,20.551146872827022,0,0,0
8.0,75,35.94,30.54,2025-06-25 08:00:00,2.0,25.0,4.0,0,0,0,0,0,0.0,2.0,72.0,3.0,73.33333333333333,75.16666666666667,0.04166666666666674,38.25,-2.3100000000000023,33.413333333333306,29.78833333333333,-0.06039215686274513,14.05,16.49,22.056666666666672,23.396666666666665,1.0,35.94,33.020685453960816,0,0,0
9.0,84,26.65,25.44,2025-06-25 09:00:00,2.0,25.0,4.0,1,0,0,0,0,0.0,1.0,75.0,9.0,77.0,77.5,0.1200000000000001,35.94,-9.29,33.61333333333331,29.166666666666668,-0.258486366165832,30.54,-5.099999999999998,23.343333333333337,23.66,-0.16699410609037324,26.65,26.030945977520712,0,0,0
10.0,184,82.04,64.34,2025-06-25 10:00:00,2.0,25.0,4.0,1,1,1,0,0,0.9,0.0,84.0,100.0,114.33333333333333,94.83333333333333,1.0,26.65,55.39000000000001,48.20999999999998,37.583333333333336,1.0,25.44,38.900000000000006,40.106666666666676,30.795,1.0,82.04,72.11987382074142,1,0,0
11.0,201,73.14,72.82,2025-06-25 11:00:00,2.0,25.0,4.0,1,1,1,0,0,0.9,1.0,184.0,17.0,156.33333333333334,114.83333333333333,0.09239130434782616,82.04,-8.900000000000006,60.60999999999998,47.01166666666666,-0.10848366650414443,64.34,8.47999999999999,54.20000000000001,38.12833333333334,0.1317998134908298,73.14,72.9796487326689,0,0,1
12.0,268,100.0,89.15,2025-06-25 12:00:00,2.0,25.0,4.0,1,1,1,0,0,0.9,0.0,201.0,67.0,217.66666666666666,147.33333333333334,0.33333333333333326,73.14,26.86,85.05999999999997,59.336666666666666,0.3672409078479628,72.82,16.330000000000013,75.43666666666668,49.39000000000001,0.22425157923647365,100.0,94.2638113018038,1,1,0
13.0,81,39.79,38.42,2025-06-25 13:00:00,2.0,25.0,4.0,1,0,0,0,0,0.0,1.0,268.0,-187.0,183.33333333333334,148.83333333333334,-0.6977611940298507,100.0,-60.21,70.97666666666665,59.593333333333334,-0.6021000000000001,89.15,-50.730000000000004,66.79666666666668,53.45166666666666,-0.5690409422321929,39.79,39.093000420751814,0,0,1
14.0,207,87.32,73.28,2025-06-25 14:00:00,2.0,25.0,4.0,1,1,0,0,1,0.7,0.0,81.0,126.0,185.33333333333334,170.83333333333334,1.0,39.79,47.529999999999994,75.7033333333333,68.15666666666667,1.0,38.42,34.86,66.95,60.57500000000001,0.907339927121291,87.32,79.68629590481758,1,1,0
15.0,169,57.18,55.47,2025-06-25 15:00:00,2.0,25.0,4.0,1,1,0,0,1,0.7,1.0,207.0,-38.0,152.33333333333334,185.0,-0.18357487922705318,87.32,-30.139999999999993,61.42999999999997,73.245,-0.34516720109940446,73.28,-17.810000000000002,55.723333333333336,65.58,-0.24304039301310043,57.18,56.31202082279608,0,0,1
16.0,265,100.0,82.01,2025-06-25 16:00:00,2.0,25.0,4.0,1,1,0,0,1,0.7,0.0,169.0,96.0,213.66666666666666,198.5,0.5680473372781065,57.18,42.82,81.49999999999997,76.23833333333333,0.7488632388947185,55.47,26.540000000000006,70.25333333333333,68.52499999999999,0.47845682350820273,100.0,90.1159272121536,1,1,0
17.0,80,28.81,32.94,2025-06-25 17:00:00,2.0,25.0,4.0,1,0,0,0,0,0.0,1.0,265.0,-185.0,171.33333333333334,178.33333333333334,-0.6981132075471699,100.0,-71.19,61.99666666666664,68.85000000000001,-0.7119,82.01,-49.07000000000001,56.80666666666667,61.87833333333333,-0.5983416656505305,32.94,30.73688698401802,0,0,1
18.0,250,89.92,82.01,2025-06-25 18:00:00,2.0,25.0,4.0,1,1,0,1,0,0.8,0.0,80.0,170.0,198.33333333333334,175.33333333333334,1.0,28.81,61.11,72.90999999999997,67.17,1.0,32.94,49.07000000000001,65.65333333333335,60.68833333333334,1.0,89.92,85.78304144836247,1,1,0
19.0,214,77.63,71.61,2025-06-25 19:00:00,2.0,25.0,4.0,1,1,0,1,0,0.8,0.0,250.0,-36.0,181.33333333333334,197.5,-0.14400000000000002,89.92,-12.290000000000006,65.4533333333333,73.47666666666667,-0.13667704626334531,82.01,-10.400000000000006,62.18666666666667,66.22000000000001,-0.12681380319473246,77.63,74.49858300389585,0,0,0
20.0,79,46.68,31.08,2025-06-25 20:00:00,2.0,25.0,4.0,0,0,0,0,0,0.0,1.0,214.0,-135.0,181.0,176.16666666666666,-0.6308411214953271,77.63,-30.949999999999996,71.40999999999997,66.70333333333333,-0.3986860749710164,71.61,-40.53,61.56666666666667,59.18666666666667,-0.565982404692082,46.68,37.315184731029014,0,0,0
21.0,83,26.44,28.7,2025-06-25 21:00:00,2.0,25.0,4.0,0,0,0,0,0,0.0,2.0,79.0,4.0,125.33333333333333,161.83333333333334,0.05063291139240511,46.68,-20.24,50.24999999999997,61.580000000000005,-0.4335904027420736,31.08,-2.379999999999999,43.796666666666674,54.725,-0.07657657657657657,28.7,27.523684702145726,1,0,0
22.0,80,34.89,16.27,2025-06-25 22:00:00,2.0,25.0,4.0,0,0,0,0,0,0.0,3.0,83.0,-3.0,80.66666666666667,131.0,-0.03614457831325302,26.44,8.45,36.00333333333331,50.72833333333333,0.31959152798789714,28.7,-12.43,25.350000000000005,43.76833333333334,-0.4331010452961672,34.89,22.191567236286804,0,0,0
23.0,84,37.41,30.94,2025-06-25 23:00:00,2.0,25.0,4.0,0,0,0,0,0,0.0,4.0,80.0,4.0,82.33333333333333,131.66666666666666,0.050000000000000044,34.89,2.519999999999996,32.913333333333306,52.16166666666667,0.07222699914015474,16.27,14.670000000000002,25.303333333333338,43.435,0.9016594960049171,37.41,33.86877495437053,0,0,0
0.0,73,47.91,35.42,2025-06-26 00:00:00,3.0,26.0,4.0,0,0,0,0,0,0.0,106.0,84.0,-11.0,79.0,102.16666666666667,-0.13095238095238093,37.41,10.5,40.06999999999997,45.16,0.2806736166800321,30.94,4.48,27.543333333333337,35.67,0.14479638009049767,47.91,40.72896149371221,0,0,0
1.0,80,30.2,19.3,2025-06-26 01:00:00,3.0,26.0,4.0,0,0,0,0,0,0.0,105.0,73.0,7.0,79.0,79.83333333333333,0.09589041095890405,47.91,-17.709999999999997,38.50666666666664,37.254999999999995,-0.3696514297641411,35.42,-16.12,28.553333333333338,26.951666666666668,-0.45511010728402035,30.2,23.549898554547507,0,0,0
2.0,69,22.33,12.54,2025-06-26 02:00:00,3.0,26.0,4.0,0,0,0,0,0,0.0,104.0,80.0,-11.0,74.0,78.16666666666667,-0.13749999999999996,30.2,-7.870000000000001,33.47999999999997,33.196666666666665,-0.2605960264900663,19.3,-6.760000000000002,22.420000000000005,23.861666666666665,-0.350259067357513,22.33,16.06069360307733,0,0,0
3.0,84,53.15,29.45,2025-06-26 03:00:00,3.0,26.0,4.0,0,0,0,0,0,0.0,103.0,69.0,15.0,77.66666666666667,78.33333333333333,0.21739130434782616,22.33,30.82,35.22666666666664,37.64833333333333,1.0,12.54,16.91,20.430000000000003,23.986666666666665,1.0,53.15,37.899939032688394,1,0,0
4.0,86,35.67,24.46,2025-06-26 04:00:00,3.0,26.0,4.0,0,0,0,0,0,0.0,102.0,84.0,2.0,79.66666666666667,79.33333333333333,0.023809523809523725,53.15,-17.479999999999997,37.049999999999976,37.77833333333333,-0.3288805268109125,29.45,-4.989999999999998,22.150000000000006,25.35166666666667,-0.16943972835314092,35.67,29.020062747047024,0,0,0
5.0,69,14.28,32.32,2025-06-26 05:00:00,3.0,26.0,4.0,0,0,0,0,0,0.0,101.0,86.0,-17.0,79.66666666666667,76.83333333333333,-0.19767441860465118,35.67,-21.39,34.36666666666664,33.92333333333333,-0.599663582842725,24.46,7.859999999999999,28.74333333333334,25.581666666666667,0.3213409648405561,32.32,19.80813695690693,0,0,0
6.0,91,31.06,38.3,2025-06-26 06:00:00,3.0,26.0,4.0,0,0,0,0,0,0.0,100.0,69.0,22.0,82.0,79.83333333333333,0.318840579710145,14.28,16.78,27.003333333333313,31.115,1.0,32.32,5.979999999999997,31.69333333333334,26.061666666666667,0.18502475247524752,38.3,34.30213332897732,0,0,0
7.0,73,22.33,37.31,2025-06-26 07:00:00,3.0,26.0,4.0,0,0,0,0,0,0.0,99.0,91.0,-18.0,77.66666666666667,78.66666666666667,-0.19780219780219777,31.06,-8.73,22.556666666666644,29.80333333333333,-0.2810688989053445,38.3,-0.9899999999999949,35.97666666666667,29.063333333333333,-0.025848563968668303,37.31,27.938708485266456,0,0,0
8.0,77,27.84,12.63,2025-06-26 08:00:00,3.0,26.0,4.0,0,0,0,0,0,0.0,98.0,73.0,4.0,80.33333333333333,80.0,0.0547945205479452,22.33,5.510000000000002,27.07666666666664,30.721666666666664,0.24675324675324695,37.31,-24.68,29.413333333333338,29.078333333333333,-0.6614848566068079,27.84,17.376782422120527,0,0,0
9.0,82,21.6,33.67,2025-06-26 09:00:00,3.0,26.0,4.0,1,0,0,0,0,0.0,97.0,77.0,5.0,77.33333333333333,79.66666666666667,0.06493506493506485,27.84,-6.239999999999998,23.923333333333307,25.463333333333335,-0.22413793103448265,12.63,21.04,27.870000000000005,29.781666666666666,1.0,33.67,26.317061257154673,0,0,0
10.0,70,29.98,26.09,2025-06-26 10:00:00,3.0,26.0,4.0,1,0,0,0,0,0.0,96.0,82.0,-12.0,76.33333333333333,77.0,-0.14634146341463417,21.6,8.379999999999999,26.47333333333331,24.515,0.38796296296296284,33.67,-7.580000000000002,24.130000000000006,30.05333333333333,-0.22512622512622515,29.98,27.900060176563937,0,0,0
11.0,84,46.98,46.92,2025-06-26 11:00:00,3.0,26.0,4.0,1,0,0,0,0,0.0,97.0,70.0,14.0,78.66666666666667,79.5,0.19999999999999996,29.98,16.999999999999996,32.8533333333333,29.965,0.5670446964643094,26.09,20.830000000000002,35.56,32.48666666666667,0.7983901878114221,46.98,46.94998035197038,1,0,0
12.0,80,38.21,44.98,2025-06-26 12:00:00,3.0,26.0,4.0,1,0,0,0,0,0.0,96.0,84.0,-4.0,78.0,77.66666666666667,-0.04761904761904767,46.98,-8.769999999999996,38.38999999999998,31.156666666666666,-0.18667518092805446,46.92,-1.9400000000000048,39.330000000000005,33.6,-0.04134697357203765,44.98,41.31952831687068,0,0,0
13.0,100,50.74,30.41,2025-06-26 13:00:00,3.0,26.0,4.0,1,0,0,0,0,0.0,97.0,80.0,20.0,88.0,82.16666666666667,0.25,38.21,12.530000000000001,45.309999999999974,35.89166666666667,0.3279246270609788,44.98,-14.569999999999997,40.77,32.449999999999996,-0.3239217429968875,50.74,38.02842592694485,0,0,0
14.0,76,49.32,30.91,2025-06-26 14:00:00,3.0,26.0,4.0,1,0,0,0,0,0.0,96.0,100.0,-24.0,85.33333333333333,82.0,-0.24,50.74,-1.4200000000000017,46.089999999999975,39.47166666666667,-0.027985810011824985,30.41,0.5,35.43333333333334,35.49666666666667,0.016441959881617896,49.32,38.00277158166806,0,0,0
15.0,69,14.18,26.32,2025-06-26 15:00:00,3.0,26.0,4.0,1,0,0,0,0,0.0,97.0,76.0,-7.0,81.66666666666667,79.83333333333333,-0.09210526315789469,49.32,-35.14,38.07999999999998,38.23500000000001,-0.7124898621248986,30.91,-4.59,29.21333333333334,34.27166666666667,-0.14849563248139763,26.32,18.43049835974078,0,0,0
16.0,71,36.11,25.61,2025-06-26 16:00:00,3.0,26.0,4.0,1,0,0,0,0,0.0,96.0,69.0,2.0,72.0,80.0,0.02898550724637672,14.18,21.93,33.20333333333331,39.25666666666667,1.0,26.32,-0.7100000000000009,27.613333333333333,34.19166666666667,-0.026975683890577584,36.11,29.96685307895572,1,0,0
17.0,91,62.4,48.55,2025-06-26 17:00:00,3.0,26.0,4.0,1,0,0,0,0,0.0,97.0,71.0,20.0,77.0,81.16666666666667,0.2816901408450705,36.11,26.29,37.56333333333331,41.82666666666667,0.7280531708667959,25.61,22.939999999999998,33.49333333333333,34.46333333333333,0.8957438500585708,62.4,54.610544816489,1,0,0
18.0,77,24.49,37.33,2025-06-26 18:00:00,3.0,26.0,4.0,1,0,0,0,0,0.0,96.0,91.0,-14.0,79.66666666666667,80.66666666666667,-0.15384615384615385,62.4,-37.91,40.99999999999998,39.54,-0.6075320512820512,48.55,-11.219999999999999,37.163333333333334,33.18833333333333,-0.23110195674562306,37.33,29.576567007820014,0,0,0
19.0,81,37.88,33.04,2025-06-26 19:00:00,3.0,26.0,4.0,1,0,0,0,0,0.0,96.0,77.0,4.0,83.0,77.5,0.051948051948051965,24.49,13.390000000000004,41.58999999999998,37.39666666666667,0.546753777051858,37.33,-4.289999999999999,39.63999999999999,33.626666666666665,-0.11492097508706134,37.88,35.29484442618663,1,0,0
20.0,83,34.87,33.1,2025-06-26 20:00:00,3.0,26.0,4.0,0,0,0,0,0,0.0,97.0,81.0,2.0,80.33333333333333,78.66666666666667,0.024691358024691468,37.88,-3.010000000000005,32.413333333333306,34.98833333333333,-0.07946145723336862,33.04,0.060000000000002274,34.49,33.99166666666667,0.001815980629539915,34.87,33.961953332912266,0,0,0
21.0,80,32.12,21.92,2025-06-26 21:00:00,3.0,26.0,4.0,0,0,0,0,0,0.0,98.0,83.0,-3.0,81.33333333333333,80.5,-0.03614457831325302,34.87,-2.75,34.95666666666664,37.97833333333333,-0.07886435331230279,33.1,-11.18,29.35333333333334,33.25833333333333,-0.3377643504531722,32.12,26.057379273549607,0,0,0
22.0,89,56.4,24.56,2025-06-26 22:00:00,3.0,26.0,4.0,0,0,0,0,0,0.0,99.0,80.0,9.0,84.0,83.5,0.11250000000000004,32.12,24.28,41.129999999999974,41.36,0.7559153175591533,21.92,2.639999999999997,26.52666666666667,33.083333333333336,0.12043795620437936,56.4,34.2189719340542,1,0,0
23.0,80,12.34,29.35,2025-06-26 23:00:00,3.0,26.0,4.0,0,0,0,0,0,0.0,100.0,89.0,-9.0,83.0,81.66666666666667,-0.101123595505618,56.4,-44.06,33.61999999999997,33.016666666666666,-0.7812056737588653,24.56,4.790000000000003,25.27666666666667,29.88333333333333,0.1950325732899023,29.35,17.37486170844659,0,0,0
0.0,91,23.07,26.22,2025-06-27 00:00:00,4.0,27.0,4.0,0,0,0,0,0,0.0,82.0,80.0,11.0,86.66666666666667,84.0,0.13749999999999996,12.34,10.73,30.60333333333331,32.78,0.8695299837925445,29.35,-3.1300000000000026,26.710000000000004,28.031666666666666,-0.1066439522998297,26.22,24.54434525168705,0,0,0
1.0,77,20.02,20.56,2025-06-27 01:00:00,4.0,27.0,4.0,0,0,0,0,0,0.0,81.0,91.0,-14.0,82.66666666666667,83.33333333333333,-0.15384615384615385,23.07,-3.0500000000000007,18.47666666666664,29.80333333333333,-0.1322063285652363,26.22,-5.66,25.376666666666665,25.951666666666664,-0.21586575133485886,20.56,20.286406646466073,0,0,0
2.0,100,43.2,33.22,2025-06-27 02:00:00,4.0,27.0,4.0,0,0,0,0,0,0.0,80.0,77.0,23.0,89.33333333333333,86.16666666666667,0.2987012987012987,20.02,23.180000000000003,28.76333333333331,31.191666666666666,1.0,20.56,12.66,26.666666666666668,25.971666666666664,0.6157587548638133,43.2,37.55833504896186,1,0,0
3.0,92,40.19,31.6,2025-06-27 03:00:00,4.0,27.0,4.0,0,0,0,0,0,0.0,79.0,100.0,-8.0,89.66666666666667,88.16666666666667,-0.07999999999999996,43.2,-3.010000000000005,34.46999999999998,32.53666666666667,-0.06967592592592609,33.22,-1.6199999999999974,28.460000000000004,27.584999999999997,-0.048765803732691126,40.19,35.38108325141269,0,0,0
4.0,76,18.16,27.7,2025-06-27 04:00:00,4.0,27.0,4.0,0,0,0,0,0,0.0,78.0,92.0,-16.0,89.33333333333333,86.0,-0.17391304347826086,40.19,-22.029999999999998,33.84999999999997,26.16333333333333,-0.5481463050510077,31.6,-3.900000000000002,30.840000000000003,28.108333333333334,-0.12341772151898744,27.7,21.937723071571675,0,0,0
5.0,80,28.85,26.97,2025-06-27 05:00:00,4.0,27.0,4.0,0,0,0,0,0,0.0,77.0,76.0,4.0,82.66666666666667,86.0,0.05263157894736836,18.16,10.690000000000001,29.066666666666645,28.914999999999996,0.5886563876651982,27.7,-0.7300000000000004,28.75666666666667,27.71166666666667,-0.026353790613718453,28.85,27.87834063277785,1,0,0
6.0,74,31.23,27.47,2025-06-27 06:00:00,4.0,27.0,4.0,0,0,0,0,0,0.0,76.0,80.0,-6.0,76.66666666666667,83.16666666666667,-0.07499999999999996,28.85,2.379999999999999,26.079999999999973,30.275000000000002,0.0824956672443673,26.97,0.5,27.38,27.92,0.01853911753800519,31.23,29.22957704889988,0,0,0
7.0,83,14.42,33.88,2025-06-27 07:00:00,4.0,27.0,4.0,0,0,0,0,0,0.0,75.0,74.0,9.0,79.0,84.16666666666667,0.12162162162162171,31.23,-16.810000000000002,24.83333333333331,29.341666666666665,-0.5382644892731347,27.47,6.410000000000004,29.44,30.14,0.23334546778303622,33.88,20.229796724020773,0,0,0
8.0,88,43.97,29.62,2025-06-27 08:00:00,4.0,27.0,4.0,0,0,0,0,0,0.0,74.0,83.0,5.0,81.66666666666667,82.16666666666667,0.06024096385542177,14.42,29.549999999999997,29.873333333333306,29.47,1.0,33.88,-4.260000000000002,30.323333333333338,29.540000000000003,-0.12573789846517125,43.97,35.39587942117299,0,0,0
9.0,79,46.02,21.11,2025-06-27 09:00:00,4.0,27.0,4.0,1,0,0,0,0,0.0,73.0,88.0,-9.0,83.33333333333333,80.0,-0.10227272727272729,43.97,2.0500000000000043,34.80333333333331,30.441666666666666,0.04662269729360946,29.62,-8.510000000000002,28.203333333333337,27.79166666666666,-0.287305874409183,46.02,28.943309594170874,0,0,0
10.0,82,34.5,29.14,2025-06-27 10:00:00,4.0,27.0,4.0,1,0,0,0,0,0.0,72.0,79.0,3.0,83.0,81.0,0.03797468354430378,46.02,-11.520000000000003,41.49666666666664,33.165,-0.25032594524119955,21.11,8.030000000000001,26.62333333333334,28.031666666666666,0.38038844149692097,34.5,31.594279861812073,0,0,0
11.0,90,42.06,29.52,2025-06-27 11:00:00,4.0,27.0,4.0,1,0,0,0,0,0.0,73.0,82.0,8.0,83.66666666666667,82.66666666666667,0.09756097560975618,34.5,7.560000000000002,40.85999999999998,35.36666666666667,0.21913043478260885,29.14,0.379999999999999,26.590000000000003,28.456666666666667,0.013040494166094652,42.06,34.69156702023517,0,0,0
12.0,68,23.75,23.9,2025-06-27 12:00:00,4.0,27.0,4.0,1,0,0,0,0,0.0,72.0,90.0,-22.0,80.0,81.66666666666667,-0.24444444444444446,42.06,-18.310000000000002,33.43666666666664,34.12,-0.4353304802662863,29.52,-5.620000000000001,27.52,27.861666666666665,-0.19037940379403795,23.9,23.824763445440432,0,0,0
13.0,73,39.67,34.36,2025-06-27 13:00:00,4.0,27.0,4.0,1,0,0,0,0,0.0,73.0,68.0,5.0,77.0,80.0,0.07352941176470584,23.75,15.920000000000002,35.159999999999975,38.32833333333334,0.6703157894736842,23.9,10.46,29.26,27.941666666666666,0.43765690376569033,39.67,36.82456254458244,1,0,0
14.0,89,33.02,29.37,2025-06-27 14:00:00,4.0,27.0,4.0,1,0,0,0,0,0.0,72.0,73.0,16.0,76.66666666666667,80.16666666666667,0.2191780821917808,39.67,-6.649999999999999,32.14666666666665,36.50333333333334,-0.16763297201915806,34.36,-4.989999999999998,29.210000000000004,27.900000000000002,-0.14522700814901046,33.02,31.08823162224345,0,0,0
15.0,65,18.8,10.91,2025-06-27 15:00:00,4.0,27.0,4.0,1,0,0,0,0,0.0,73.0,89.0,-24.0,75.66666666666667,77.83333333333333,-0.2696629213483146,33.02,-14.220000000000002,30.496666666666645,31.96666666666667,-0.4306480920654149,29.37,-18.46,24.880000000000006,26.200000000000003,-0.6285325161729656,18.8,13.807337199349135,0,0,0
16.0,89,31.19,17.66,2025-06-27 16:00:00,4.0,27.0,4.0,1,0,0,0,0,0.0,72.0,65.0,24.0,81.0,79.0,0.36923076923076925,18.8,12.39,27.669999999999977,31.415000000000003,0.6590425531914894,10.91,6.75,19.313333333333336,24.286666666666665,0.6186984417965169,31.19,22.55129538277799,1,0,0
17.0,59,20.37,22.99,2025-06-27 17:00:00,4.0,27.0,4.0,1,0,0,0,0,0.0,73.0,89.0,-30.0,71.0,73.83333333333333,-0.3370786516853933,31.19,-10.82,23.45333333333331,27.8,-0.3469060596344983,17.66,5.329999999999998,17.18666666666667,23.198333333333334,0.3018120045300112,22.99,21.60084364389198,0,0,0
18.0,75,23.65,23.61,2025-06-27 18:00:00,4.0,27.0,4.0,1,0,0,0,0,0.0,72.0,59.0,16.0,74.33333333333333,75.0,0.27118644067796605,20.37,3.2799999999999976,25.06999999999998,27.783333333333335,0.1610211094747176,22.99,0.620000000000001,21.420000000000005,23.149999999999995,0.026968247063940964,23.65,23.62998261468509,0,0,0
19.0,85,36.56,37.38,2025-06-27 19:00:00,4.0,27.0,4.0,1,0,0,0,0,0.0,72.0,75.0,10.0,73.0,77.0,0.1333333333333333,23.65,12.910000000000004,26.859999999999975,27.265,0.5458773784355182,23.61,13.770000000000003,27.99333333333334,23.653333333333336,0.5832274459974589,37.38,36.96545259716727,1,0,0
20.0,88,50.0,45.1,2025-06-27 20:00:00,4.0,27.0,4.0,0,0,0,0,0,0.0,73.0,85.0,3.0,82.66666666666667,76.83333333333333,0.03529411764705892,36.56,13.439999999999998,36.73666666666664,30.095,0.3676148796498906,37.38,7.719999999999999,35.36333333333334,26.275000000000002,0.20652755484216145,50.0,47.42376398082267,0,0,0
21.0,73,15.44,18.53,2025-06-27 21:00:00,4.0,27.0,4.0,0,0,0,0,0,0.0,74.0,88.0,-15.0,82.0,78.16666666666667,-0.17045454545454541,50.0,-34.56,33.99999999999998,29.535,-0.6912,45.1,-26.57,33.67000000000001,27.545,-0.5891352549889135,18.53,16.844462324272527,0,0,0
22.0,70,19.58,35.68,2025-06-27 22:00:00,4.0,27.0,4.0,0,0,0,0,0,0.0,75.0,73.0,-3.0,77.0,75.0,-0.04109589041095896,15.44,4.139999999999999,28.339999999999975,27.599999999999994,0.2681347150259066,18.53,17.15,33.10333333333333,30.548333333333336,0.9255261737722611,35.68,25.28463222430995,0,0,0
23.0,76,13.73,17.4,2025-06-27 23:00:00,4.0,27.0,4.0,0,0,0,0,0,0.0,76.0,70.0,6.0,73.0,77.83333333333333,0.08571428571428563,19.58,-5.849999999999998,16.249999999999975,26.493333333333336,-0.2987742594484166,35.68,-18.28,23.870000000000005,29.616666666666664,-0.5123318385650224,17.4,15.348666452018422,0,0,0
0.0,84,30.35,32.43,2025-06-28 00:00:00,5.0,28.0,4.0,0,0,0,0,0,0.0,58.0,76.0,8.0,76.66666666666667,79.33333333333333,0.10526315789473695,13.73,16.62,21.21999999999998,27.61,1.0,17.4,15.030000000000001,28.503333333333334,31.086666666666662,0.863793103448276,32.43,31.355542699019708,1,0,0
1.0,101,18.08,25.44,2025-06-28 01:00:00,5.0,28.0,4.0,0,0,0,0,0,0.0,57.0,84.0,17.0,87.0,82.0,0.20238095238095233,30.35,-12.270000000000003,20.71999999999998,24.53,-0.4042833607907744,32.43,-6.989999999999998,25.090000000000003,29.096666666666664,-0.21554116558741898,25.44,21.137646619079813,0,0,0
2.0,69,31.64,27.43,2025-06-28 02:00:00,5.0,28.0,4.0,0,0,0,0,0,0.0,56.0,101.0,-32.0,84.66666666666667,78.83333333333333,-0.3168316831683168,18.08,13.560000000000002,26.68999999999998,21.47,0.7500000000000002,25.44,1.9899999999999984,28.433333333333337,26.151666666666667,0.07822327044025146,31.64,29.384973296343777,0,0,0
3.0,75,25.06,31.85,2025-06-28 03:00:00,5.0,28.0,4.0,0,0,0,0,0,0.0,55.0,69.0,6.0,81.66666666666667,79.16666666666667,0.08695652173913038,31.64,-6.580000000000002,24.926666666666648,23.073333333333334,-0.2079646017699116,27.43,4.420000000000002,28.240000000000006,28.371666666666666,0.16113744075829395,31.85,28.04993804164579,0,0,0
4.0,88,26.94,22.55,2025-06-28 04:00:00,5.0,28.0,4.0,0,0,0,0,0,0.0,54.0,75.0,13.0,77.33333333333333,82.16666666666667,0.17333333333333334,25.06,1.8800000000000026,27.87999999999998,24.3,0.07501995211492418,31.85,-9.3,27.27666666666667,26.183333333333334,-0.29199372056514916,26.94,24.55029253282901,0,0,0
5.0,86,48.16,33.91,2025-06-28 05:00:00,5.0,28.0,4.0,0,0,0,0,0,0.0,53.0,88.0,-2.0,83.0,83.83333333333333,-0.022727272727272707,26.94,21.219999999999995,33.38666666666665,30.038333333333338,0.7876763177431327,22.55,11.359999999999996,29.436666666666667,28.935,0.5037694013303768,48.16,39.79786965032448,0,0,0
6.0,94,48.23,29.95,2025-06-28 06:00:00,5.0,28.0,4.0,0,0,0,0,0,0.0,52.0,86.0,8.0,89.33333333333333,85.5,0.09302325581395343,48.16,0.07000000000000028,41.10999999999998,33.01833333333333,0.0014534883720931369,33.91,-3.9599999999999973,28.803333333333338,28.521666666666665,-0.11677971099970508,48.23,36.95289031781927,0,0,0
7.0,77,50.47,35.08,2025-06-28 07:00:00,5.0,28.0,4.0,0,0,0,0,0,0.0,51.0,94.0,-17.0,85.66666666666667,81.5,-0.18085106382978722,48.23,2.240000000000002,48.95333333333331,38.416666666666664,0.046444121915820036,29.95,5.129999999999999,32.98,30.128333333333334,0.17128547579298825,50.47,41.39070906615186,0,0,0
8.0,91,28.41,33.06,2025-06-28 08:00:00,5.0,28.0,4.0,0,0,0,0,0,0.0,50.0,77.0,14.0,87.33333333333333,85.16666666666667,0.18181818181818188,50.47,-22.06,42.36999999999998,37.87833333333333,-0.4370913413909253,35.08,-2.019999999999996,32.696666666666665,31.066666666666666,-0.057582668187001085,33.06,30.559121058091414,0,0,0
9.0,80,39.92,13.21,2025-06-28 09:00:00,5.0,28.0,4.0,1,0,0,0,0,0.0,49.0,91.0,-11.0,82.66666666666667,86.0,-0.1208791208791209,28.41,11.510000000000002,39.59999999999998,40.355,0.4051390355508624,33.06,-19.85,27.11666666666667,27.960000000000004,-0.6004234724742892,39.92,19.85105180028135,0,0,0
10.0,71,28.34,32.39,2025-06-28 10:00:00,5.0,28.0,4.0,1,0,0,0,0,0.0,48.0,80.0,-9.0,80.66666666666667,83.16666666666667,-0.11250000000000004,39.92,-11.580000000000002,32.22333333333332,40.58833333333333,-0.2900801603206413,13.21,19.18,26.220000000000002,29.599999999999998,1.0,32.39,30.229955076075164,0,0,0
11.0,83,23.66,28.74,2025-06-28 11:00:00,5.0,28.0,4.0,1,0,0,0,0,0.0,49.0,71.0,12.0,78.0,82.66666666666667,0.16901408450704225,28.34,-4.68,30.639999999999983,36.505,-0.1651376146788991,32.39,-3.650000000000002,24.78,28.738333333333333,-0.11268910157456014,28.74,25.953755268058107,0,0,0
12.0,66,48.6,24.26,2025-06-28 12:00:00,5.0,28.0,4.0,1,0,0,0,0,0.0,48.0,83.0,-17.0,73.33333333333333,78.0,-0.20481927710843373,23.66,24.94,33.53333333333331,36.56666666666667,1.0,28.74,-4.479999999999997,28.46333333333334,27.790000000000003,-0.1558803061934585,48.6,32.3644245077625,0,0,0
13.0,86,55.36,40.75,2025-06-28 13:00:00,5.0,28.0,4.0,1,0,0,0,0,0.0,49.0,66.0,20.0,78.33333333333333,79.5,0.303030303030303,48.6,6.759999999999998,42.539999999999985,37.38166666666667,0.13909465020576128,24.26,16.49,31.25,28.735,0.679719703215169,55.36,46.944542243839955,0,0,0
14.0,75,29.43,19.18,2025-06-28 14:00:00,5.0,28.0,4.0,1,0,0,0,0,0.0,48.0,86.0,-11.0,75.66666666666667,76.83333333333333,-0.12790697674418605,55.36,-25.93,44.46333333333331,37.55166666666667,-0.4683887283236994,40.75,-21.57,28.063333333333336,26.421666666666667,-0.5293251533742331,29.43,23.224332005259576,0,0,0
15.0,93,27.59,20.28,2025-06-28 15:00:00,5.0,28.0,4.0,1,0,0,0,0,0.0,49.0,75.0,18.0,84.66666666666667,79.0,0.24,29.43,-1.8399999999999999,37.45999999999999,35.49666666666666,-0.06252123683316346,19.18,1.1000000000000014,26.736666666666668,27.599999999999998,0.05735140771637126,27.59,23.376861888931234,1,0,0
16.0,86,30.87,35.65,2025-06-28 16:00:00,5.0,28.0,4.0,1,0,0,0,0,0.0,48.0,93.0,-7.0,84.66666666666667,81.5,-0.07526881720430112,27.59,3.280000000000001,29.29666666666665,35.91833333333334,0.11888365349764407,20.28,15.369999999999997,25.036666666666672,28.143333333333334,0.7578895463510846,35.65,33.08825870282234,0,0,0
17.0,93,27.18,25.12,2025-06-28 17:00:00,5.0,28.0,4.0,1,0,0,0,0,0.0,49.0,86.0,7.0,90.66666666666667,83.16666666666667,0.08139534883720922,30.87,-3.6900000000000013,28.54666666666665,36.505,-0.11953352769679304,35.65,-10.529999999999998,27.01666666666667,27.540000000000003,-0.2953716690042075,27.18,26.109429749341693,0,0,0
18.0,71,30.15,23.25,2025-06-28 18:00:00,5.0,28.0,4.0,1,0,0,0,0,0.0,48.0,93.0,-22.0,83.33333333333333,84.0,-0.23655913978494625,27.18,2.969999999999999,29.399999999999977,33.43,0.10927152317880795,25.12,-1.870000000000001,28.00666666666667,27.37166666666667,-0.07444267515923575,30.15,26.254213028947323,0,0,0
19.0,73,11.73,15.14,2025-06-28 19:00:00,5.0,28.0,4.0,1,0,0,0,0,0.0,48.0,71.0,2.0,79.0,81.83333333333333,0.028169014084507005,30.15,-18.419999999999998,23.019999999999982,26.158333333333335,-0.6109452736318408,23.25,-8.11,21.17,23.103333333333335,-0.3488172043010752,15.14,13.218622582113042,0,0,0
20.0,82,24.35,23.78,2025-06-28 20:00:00,5.0,28.0,4.0,0,0,0,0,0,0.0,49.0,73.0,9.0,75.33333333333333,83.0,0.12328767123287676,11.73,12.620000000000001,22.07666666666665,25.311666666666667,1.0,15.14,8.64,20.723333333333333,23.87,0.570673712021136,24.35,24.06162430788231,1,0,0
21.0,84,38.68,42.27,2025-06-28 21:00:00,5.0,28.0,4.0,0,0,0,0,0,0.0,50.0,82.0,2.0,79.66666666666667,81.5,0.024390243902439046,24.35,14.329999999999998,24.919999999999977,27.159999999999997,0.5885010266940451,23.78,18.490000000000002,27.063333333333336,27.535,0.7775441547518924,42.27,40.395394213769066,1,0,0
22.0,91,38.47,28.91,2025-06-28 22:00:00,5.0,28.0,4.0,0,0,0,0,0,0.0,51.0,84.0,7.0,85.66666666666667,82.33333333333333,0.08333333333333326,38.68,-0.21000000000000085,33.833333333333314,28.426666666666666,-0.00542916235780766,42.27,-13.360000000000003,31.653333333333336,26.411666666666665,-0.3160634019399101,38.47,33.01180422956658,0,0,0
23.0,75,40.25,32.68,2025-06-28 23:00:00,5.0,28.0,4.0,0,0,0,0,0,0.0,52.0,91.0,-16.0,83.33333333333333,79.33333333333333,-0.17582417582417587,38.47,1.7800000000000011,39.13333333333332,30.605,0.04626982063945939,28.91,3.7699999999999996,34.620000000000005,27.671666666666667,0.13040470425458328,40.25,36.072123487287485,0,0,0
0.0,89,22.61,36.24,2025-06-29 00:00:00,6.0,29.0,5.0,0,0,0,0,0,0.0,34.0,75.0,14.0,85.0,82.33333333333333,0.18666666666666676,40.25,-17.64,33.77666666666664,29.348333333333333,-0.43826086956521737,32.68,3.5600000000000023,32.61000000000001,29.83666666666667,0.10893512851897191,36.24,27.846606187823173,0,0,0
1.0,83,18.95,33.41,2025-06-29 01:00:00,6.0,29.0,5.0,0,0,0,0,0,0.0,33.0,89.0,-6.0,82.33333333333333,84.0,-0.0674157303370787,22.61,-3.66,27.26999999999998,30.551666666666662,-0.16187527642636002,36.24,-2.8300000000000054,34.11000000000001,32.88166666666667,-0.07809050772626946,33.41,24.183326543481154,0,0,0
2.0,78,15.66,34.52,2025-06-29 02:00:00,6.0,29.0,5.0,0,0,0,0,0,0.0,32.0,83.0,-5.0,83.33333333333333,83.33333333333333,-0.06024096385542166,18.95,-3.289999999999999,19.073333333333313,29.103333333333335,-0.17361477572559358,33.41,1.1100000000000065,34.723333333333336,34.671666666666674,0.033223585752768736,34.52,21.545762862778737,0,0,0
3.0,92,11.46,27.39,2025-06-29 03:00:00,6.0,29.0,5.0,0,0,0,0,0,0.0,31.0,78.0,14.0,84.33333333333333,84.66666666666667,0.17948717948717952,15.66,-4.199999999999999,15.356666666666646,24.566666666666663,-0.268199233716475,34.52,-7.130000000000003,31.773333333333337,32.19166666666667,-0.20654692931633845,27.39,16.159042106588366,0,0,0
4.0,78,25.82,19.64,2025-06-29 04:00:00,6.0,29.0,5.0,0,0,0,0,0,0.0,30.0,92.0,-14.0,82.66666666666667,82.5,-0.15217391304347827,11.46,14.36,17.646666666666647,22.458333333333332,1.0,27.39,-7.75,27.183333333333337,30.646666666666665,-0.2829499817451625,25.82,22.309933561154125,0,0,0
5.0,67,36.72,21.28,2025-06-29 05:00:00,6.0,29.0,5.0,0,0,0,0,0,0.0,29.0,78.0,-11.0,79.0,81.16666666666667,-0.14102564102564108,25.82,10.899999999999999,24.666666666666647,21.87,0.42215336948102244,19.64,1.6400000000000006,22.770000000000007,28.74666666666667,0.0835030549898168,36.72,26.944882328536515,0,0,0
6.0,80,45.07,30.59,2025-06-29 06:00:00,6.0,29.0,5.0,0,0,0,0,0,0.0,28.0,67.0,13.0,75.0,79.66666666666667,0.19402985074626855,36.72,8.350000000000001,35.869999999999976,25.613333333333333,0.2273965141612202,21.28,9.309999999999999,23.836666666666673,27.804999999999996,0.4375,45.07,36.44439023996313,0,0,0
7.0,63,28.38,17.49,2025-06-29 07:00:00,6.0,29.0,5.0,0,0,0,0,0,0.0,27.0,80.0,-17.0,70.0,76.33333333333333,-0.21250000000000002,45.07,-16.69,36.723333333333315,27.185000000000002,-0.3703128466829376,30.59,-13.100000000000001,23.120000000000005,25.151666666666667,-0.4282445243543642,28.38,21.642301730056644,0,0,0
8.0,84,18.94,41.97,2025-06-29 08:00:00,6.0,29.0,5.0,0,0,0,0,0,0.0,26.0,63.0,21.0,75.66666666666667,77.33333333333333,0.33333333333333326,28.38,-9.439999999999998,30.79666666666665,27.731666666666666,-0.3326286116983791,17.49,24.48,30.01666666666667,26.393333333333334,1.0,41.97,26.101191526823325,1,0,0
9.0,71,30.33,23.65,2025-06-29 09:00:00,6.0,29.0,5.0,1,0,0,0,0,0.0,25.0,84.0,-13.0,72.66666666666667,73.83333333333333,-0.15476190476190477,18.94,11.389999999999997,25.883333333333315,30.876666666666665,0.6013727560718054,41.97,-18.32,27.703333333333337,25.77,-0.43650226352156307,30.33,26.576676091576953,0,0,0
10.0,73,31.22,22.88,2025-06-29 10:00:00,6.0,29.0,5.0,1,0,0,0,0,0.0,24.0,71.0,2.0,76.0,73.0,0.028169014084507005,30.33,0.8900000000000006,26.829999999999984,31.77666666666667,0.02934388394329046,23.65,-0.7699999999999996,29.500000000000004,26.31,-0.032558139534883734,31.22,26.407156665302097,0,0,0
11.0,72,42.96,28.15,2025-06-29 11:00:00,6.0,29.0,5.0,1,0,0,0,0,0.0,25.0,73.0,-1.0,72.0,73.83333333333333,-0.013698630136986356,31.22,11.740000000000002,34.836666666666645,32.81666666666666,0.3760409993593852,22.88,5.27,24.893333333333334,27.455,0.23033216783216792,42.96,34.01276849932825,0,0,0
12.0,66,30.43,29.99,2025-06-29 12:00:00,6.0,29.0,5.0,1,0,0,0,0,0.0,24.0,72.0,-6.0,70.33333333333333,71.5,-0.08333333333333337,42.96,-12.530000000000001,34.86999999999998,30.376666666666665,-0.29166666666666674,28.15,1.8399999999999999,27.00666666666667,27.355,0.06536412078152742,30.43,30.20839741462434,0,0,0
13.0,80,30.29,26.44,2025-06-29 13:00:00,6.0,29.0,5.0,1,0,0,0,0,0.0,25.0,66.0,14.0,72.66666666666667,74.33333333333333,0.21212121212121215,30.43,-0.14000000000000057,34.55999999999998,30.694999999999997,-0.0046007229707525354,29.99,-3.549999999999997,28.19333333333334,28.846666666666664,-0.11837279093031006,30.29,28.234358783106668,0,0,0
14.0,69,26.15,15.28,2025-06-29 14:00:00,6.0,29.0,5.0,1,0,0,0,0,0.0,24.0,80.0,-11.0,71.66666666666667,71.83333333333333,-0.13749999999999996,30.29,-4.140000000000001,28.95666666666665,31.896666666666665,-0.1366787718719049,26.44,-11.160000000000002,23.903333333333336,24.398333333333337,-0.42208774583963693,26.15,19.289017202775348,0,0,0
15.0,79,41.32,15.66,2025-06-29 15:00:00,6.0,29.0,5.0,1,0,0,0,0,0.0,25.0,69.0,10.0,76.0,73.16666666666667,0.14492753623188404,26.15,15.170000000000002,32.586666666666645,33.72833333333333,0.5801147227533461,15.28,0.3800000000000008,19.126666666666672,23.066666666666666,0.02486910994764413,41.32,22.71222146872198,1,0,0
16.0,92,22.16,28.58,2025-06-29 16:00:00,6.0,29.0,5.0,1,0,0,0,0,0.0,24.0,79.0,13.0,80.0,76.33333333333333,0.16455696202531644,41.32,-19.16,29.87666666666665,32.21833333333333,-0.46369796708615685,15.66,12.919999999999998,19.840000000000003,24.016666666666666,0.8250319284802041,28.58,24.96384661088202,0,0,0
17.0,86,34.6,30.51,2025-06-29 17:00:00,6.0,29.0,5.0,1,0,0,0,0,0.0,25.0,92.0,-6.0,85.66666666666667,78.66666666666667,-0.06521739130434778,22.16,12.440000000000001,32.693333333333314,30.825,0.5613718411552346,28.58,1.9300000000000033,24.91666666666667,24.41,0.06752974107767673,34.6,32.426539234732935,0,0,0
18.0,75,34.98,27.83,2025-06-29 18:00:00,6.0,29.0,5.0,1,0,0,0,0,0.0,24.0,86.0,-11.0,84.33333333333333,80.16666666666667,-0.12790697674418605,34.6,0.37999999999999545,30.57999999999998,31.583333333333332,0.010982658959537428,30.51,-2.6800000000000033,28.97333333333334,24.049999999999997,-0.08784005244182247,34.98,30.998038067217987,0,0,0
19.0,79,31.09,39.26,2025-06-29 19:00:00,6.0,29.0,5.0,1,0,0,0,0,0.0,24.0,75.0,4.0,80.0,80.0,0.05333333333333323,34.98,-3.889999999999997,33.55666666666665,31.71666666666667,-0.11120640365923373,27.83,11.43,32.53333333333334,26.186666666666667,0.410707869205893,39.26,34.70059370716996,0,0,0
20.0,88,32.74,20.99,2025-06-29 20:00:00,6.0,29.0,5.0,0,0,0,0,0,0.0,25.0,79.0,9.0,80.66666666666667,83.16666666666667,0.11392405063291133,31.09,1.6500000000000021,32.936666666666646,32.815,0.05307172724348663,39.26,-18.27,29.360000000000003,27.138333333333332,-0.46535914416709123,32.74,25.580219177736474,0,0,0
21.0,72,34.41,33.93,2025-06-29 21:00:00,6.0,29.0,5.0,0,0,0,0,0,0.0,26.0,88.0,-16.0,79.66666666666667,82.0,-0.18181818181818177,32.74,1.6699999999999946,32.74666666666664,31.663333333333338,0.051007941356139064,20.99,12.940000000000001,31.393333333333334,30.183333333333334,0.6164840400190568,34.41,34.168313840089056,0,0,0
22.0,70,36.34,44.34,2025-06-29 22:00:00,6.0,29.0,5.0,0,0,0,0,0,0.0,27.0,72.0,-2.0,76.66666666666667,78.33333333333333,-0.02777777777777779,34.41,1.9300000000000068,34.49666666666664,34.02666666666667,0.05608834641092719,33.93,10.410000000000004,33.08666666666667,32.809999999999995,0.3068081343943414,44.34,39.94337087328495,0,0,0
23.0,62,39.59,24.16,2025-06-29 23:00:00,6.0,29.0,5.0,0,0,0,0,0,0.0,28.0,70.0,-8.0,68.0,74.33333333333333,-0.11428571428571432,36.34,3.25,36.77999999999998,34.85833333333333,0.08943313153549814,44.34,-20.180000000000003,34.14333333333334,31.751666666666665,-0.45511953089760937,39.59,30.00766701164444,0,0,0
0.0,74,35.15,22.05,2025-06-30 00:00:00,0.0,30.0,5.0,0,0,0,0,0,0.0,10.0,62.0,12.0,68.66666666666667,74.16666666666667,0.19354838709677424,39.59,-4.440000000000005,37.02666666666665,34.88666666666666,-0.1121495327102805,24.16,-2.1099999999999994,30.183333333333337,30.788333333333338,-0.08733443708609268,35.15,27.099912148602936,0,0,0
1.0,86,32.83,24.24,2025-06-30 01:00:00,0.0,30.0,5.0,0,0,0,0,0,0.0,9.0,74.0,12.0,74.0,75.33333333333333,0.16216216216216206,35.15,-2.3200000000000003,35.85666666666665,35.17666666666667,-0.06600284495021336,22.05,2.1899999999999977,23.483333333333338,28.285,0.0993197278911564,32.83,27.888529421963742,1,0,0
2.0,68,35.28,13.36,2025-06-30 02:00:00,0.0,30.0,5.0,0,0,0,0,0,0.0,8.0,86.0,-18.0,76.0,72.0,-0.2093023255813954,32.83,2.450000000000003,34.41999999999998,35.6,0.07462686567164178,24.24,-10.879999999999999,19.88333333333334,27.013333333333335,-0.44884488448844884,35.28,19.380789116348907,0,0,0
3.0,77,23.08,28.11,2025-06-30 03:00:00,0.0,30.0,5.0,0,0,0,0,0,0.0,7.0,68.0,9.0,77.0,72.83333333333333,0.13235294117647056,35.28,-12.200000000000003,30.396666666666643,33.711666666666666,-0.3458049886621316,13.36,14.75,21.903333333333336,26.043333333333333,1.0,28.11,25.347872175271103,0,0,0
4.0,69,35.97,23.08,2025-06-30 04:00:00,0.0,30.0,5.0,0,0,0,0,0,0.0,6.0,77.0,-8.0,71.33333333333333,72.66666666666667,-0.10389610389610393,23.08,12.89,31.44333333333331,33.65,0.5584922010398614,28.11,-5.030000000000001,21.51666666666667,22.5,-0.1789398790466027,35.97,28.118123181742195,0,0,0
5.0,71,27.41,21.19,2025-06-30 05:00:00,0.0,30.0,5.0,0,0,0,0,0,0.0,5.0,69.0,2.0,72.33333333333333,74.16666666666667,0.02898550724637672,35.97,-8.559999999999999,28.81999999999998,31.62,-0.23797609118710028,23.08,-1.889999999999997,24.126666666666676,22.005,-0.08188908145580576,27.41,23.901970742757804,0,0,0
6.0,73,13.22,28.87,2025-06-30 06:00:00,0.0,30.0,5.0,0,0,0,0,0,0.0,4.0,71.0,2.0,71.0,74.0,0.028169014084507005,27.41,-14.19,25.533333333333314,27.965,-0.517694272163444,21.19,7.68,24.380000000000006,23.141666666666666,0.3624351109013686,28.87,18.135490231991206,0,0,0
7.0,79,49.09,17.84,2025-06-30 07:00:00,0.0,30.0,5.0,0,0,0,0,0,0.0,3.0,73.0,6.0,74.33333333333333,72.83333333333333,0.08219178082191791,13.22,35.870000000000005,29.90666666666665,30.675,1.0,28.87,-11.030000000000001,22.63333333333334,22.075,-0.3820574991340492,49.09,26.16959772643661,0,0,0
8.0,104,36.04,40.85,2025-06-30 08:00:00,0.0,30.0,5.0,0,0,0,0,0,0.0,2.0,79.0,25.0,85.33333333333333,78.83333333333333,0.31645569620253156,49.09,-13.050000000000004,32.78333333333331,30.801666666666666,-0.2658382562640049,17.84,23.01,29.18666666666667,26.656666666666666,1.0,40.85,38.29455018475029,0,0,0
9.0,74,18.68,14.15,2025-06-30 09:00:00,0.0,30.0,5.0,1,0,0,0,0,0.0,1.0,104.0,-30.0,85.66666666666667,78.33333333333333,-0.28846153846153844,36.04,-17.36,34.60333333333332,30.06833333333334,-0.4816870144284129,40.85,-26.700000000000003,24.280000000000005,24.330000000000002,-0.653610771113831,18.68,16.102466825998576,0,0,1
10.0,258,91.39,98.16,2025-06-30 10:00:00,0.0,30.0,5.0,1,1,1,0,0,0.9,0.0,74.0,184.0,145.33333333333334,109.83333333333333,1.0,18.68,72.71000000000001,48.70333333333331,39.305,1.0,14.15,84.00999999999999,51.05333333333334,36.843333333333334,1.0,98.16,94.65410027615879,1,1,0
11.0,222,80.96,71.23,2025-06-30 11:00:00,0.0,30.0,5.0,1,1,1,0,0,0.9,1.0,258.0,-36.0,184.66666666666666,135.0,-0.13953488372093026,91.39,-10.430000000000007,63.67666666666665,48.23,-0.11412627202100889,98.16,-26.929999999999993,61.18000000000001,45.18333333333334,-0.27434800325998365,80.96,75.78396429605122,0,0,1
12.0,264,100.0,86.88,2025-06-30 12:00:00,0.0,30.0,5.0,1,1,1,0,0,0.9,0.0,222.0,42.0,248.0,166.83333333333334,0.18918918918918926,80.96,19.040000000000006,90.7833333333333,62.69333333333333,0.23517786561264842,71.23,15.649999999999991,85.42333333333335,54.85166666666667,0.21971079601291588,100.0,92.979451567961,1,1,0
13.0,85,35.17,15.33,2025-06-30 13:00:00,0.0,30.0,5.0,1,0,0,0,0,0.0,1.0,264.0,-179.0,190.33333333333334,167.83333333333334,-0.678030303030303,100.0,-64.83,72.04333333333331,60.373333333333335,-0.6483,86.88,-71.55,57.81333333333334,54.43333333333334,-0.823549723756906,35.17,21.352716448461063,0,0,1
14.0,226,90.26,59.22,2025-06-30 14:00:00,0.0,30.0,5.0,1,1,0,0,1,0.7,0.0,85.0,141.0,191.66666666666666,188.16666666666666,1.0,35.17,55.09,75.14333333333332,69.41,1.0,15.33,43.89,53.81,57.495000000000005,1.0,90.26,71.51722190582538,1,1,0
15.0,215,76.4,78.38,2025-06-30 15:00:00,0.0,30.0,5.0,1,1,0,0,1,0.7,1.0,226.0,-11.0,175.33333333333334,211.66666666666666,-0.04867256637168138,90.26,-13.86,67.27666666666666,79.03,-0.15355639264347443,59.22,19.159999999999997,50.97666666666667,68.2,0.3235393448159405,78.38,77.37733508607485,0,0,1
16.0,267,100.0,100.0,2025-06-30 16:00:00,0.0,30.0,5.0,1,1,0,0,1,0.7,0.0,215.0,52.0,236.0,213.16666666666666,0.241860465116279,76.4,23.599999999999994,88.88666666666666,80.465,0.30890052356020936,78.38,21.620000000000005,79.2,68.50666666666666,0.2758356723653994,100.0,99.99999951000001,1,1,0
17.0,88,32.66,25.9,2025-06-30 17:00:00,0.0,30.0,5.0,1,0,0,0,0,0.0,1.0,267.0,-179.0,190.0,190.83333333333334,-0.6704119850187267,100.0,-67.34,69.68666666666665,72.415,-0.6734,100.0,-74.1,68.09333333333335,60.95166666666666,-0.741,32.66,28.889821945187467,0,0,1
18.0,217,95.13,69.49,2025-06-30 18:00:00,0.0,30.0,5.0,1,1,0,1,0,0.8,0.0,88.0,129.0,190.66666666666666,183.0,1.0,32.66,62.47,75.92999999999998,71.60333333333334,1.0,25.9,43.589999999999996,65.13000000000001,58.05333333333332,1.0,95.13,80.31325064807889,1,1,1
19.0,228,87.44,83.36,2025-06-30 19:00:00,0.0,30.0,5.0,1,1,0,1,0,0.8,0.0,217.0,11.0,177.66666666666666,206.83333333333334,0.05069124423963123,95.13,-7.689999999999998,71.74333333333331,80.315,-0.08083674971092192,69.49,13.870000000000005,59.58333333333334,69.39166666666667,0.19959706432580226,87.44,85.351268832838,0,1,0
20.0,73,32.12,29.32,2025-06-30 20:00:00,0.0,30.0,5.0,0,0,0,0,0,0.0,1.0,228.0,-155.0,172.66666666666666,181.33333333333334,-0.6798245614035088,87.44,-55.32,71.56333333333332,70.625,-0.6326623970722782,83.36,-54.04,60.723333333333336,64.40833333333333,-0.6482725527831095,32.12,30.656197450257203,0,0,0
21.0,89,47.19,28.0,2025-06-30 21:00:00,0.0,30.0,5.0,0,0,0,0,0,0.0,2.0,73.0,16.0,130.0,160.33333333333334,0.2191780821917808,32.12,15.07,55.583333333333314,65.75666666666666,0.4691780821917808,29.32,-1.3200000000000003,46.893333333333345,56.011666666666656,-0.04502046384720326,47.19,35.146162612765494,1,0,0
22.0,80,41.2,24.09,2025-06-30 22:00:00,0.0,30.0,5.0,0,0,0,0,0,0.0,3.0,89.0,-9.0,80.66666666666667,129.16666666666666,-0.101123595505618,47.19,-5.989999999999995,40.16999999999998,55.956666666666656,-0.12693367238821773,28.0,-3.91,27.13666666666668,43.35999999999999,-0.13964285714285718,41.2,30.403062821212085,0,0,0
23.0,85,35.46,30.34,2025-06-30 23:00:00,0.0,30.0,5.0,0,0,0,0,0,0.0,4.0,80.0,5.0,84.66666666666667,128.66666666666666,0.0625,41.2,-5.740000000000002,41.28333333333331,56.42333333333334,-0.13932038834951466,24.09,6.25,27.476666666666677,44.099999999999994,0.2594437525944375,35.46,32.70080196503341,1,0,0
